"","P1","P2","ind_1","ind_10","ind_100","ind_101","ind_102","ind_103","ind_104","ind_105","ind_106","ind_107","ind_108","ind_109","ind_11","ind_110","ind_111","ind_112","ind_113","ind_114","ind_115","ind_116","ind_117","ind_118","ind_119","ind_12","ind_120","ind_121","ind_122","ind_123","ind_124","ind_125","ind_126","ind_127","ind_128","ind_129","ind_13","ind_130","ind_131","ind_132","ind_133","ind_134","ind_135","ind_136","ind_137","ind_138","ind_139","ind_14","ind_140","ind_141","ind_142","ind_143","ind_144","ind_145","ind_146","ind_147","ind_148","ind_149","ind_15","ind_150","ind_151","ind_152","ind_153","ind_154","ind_155","ind_156","ind_157","ind_158","ind_159","ind_16","ind_160","ind_17","ind_18","ind_19","ind_2","ind_20","ind_21","ind_22","ind_23","ind_24","ind_25","ind_26","ind_27","ind_28","ind_29","ind_3","ind_30","ind_31","ind_32","ind_33","ind_34","ind_35","ind_36","ind_37","ind_38","ind_39","ind_4","ind_40","ind_41","ind_42","ind_43","ind_44","ind_45","ind_46","ind_47","ind_48","ind_49","ind_5","ind_50","ind_51","ind_52","ind_53","ind_54","ind_55","ind_56","ind_57","ind_58","ind_59","ind_6","ind_60","ind_61","ind_62","ind_63","ind_64","ind_65","ind_66","ind_67","ind_68","ind_69","ind_7","ind_70","ind_71","ind_72","ind_73","ind_74","ind_75","ind_76","ind_77","ind_78","ind_79","ind_8","ind_80","ind_81","ind_82","ind_83","ind_84","ind_85","ind_86","ind_87","ind_88","ind_89","ind_9","ind_90","ind_91","ind_92","ind_93","ind_94","ind_95","ind_96","ind_97","ind_98","ind_99"
"solcap_snp_c2_3353",1,0,0,1,1,1,0,0,1,1,1,1,0,0,1,1,0,0,1,1,1,0,1,1,1,0,1,1,1,1,1,1,1,0,1,0,1,1,1,1,0,1,1,1,1,1,1,1,1,1,0,1,1,1,0,0,1,1,0,0,0,1,0,1,0,1,1,1,1,1,1,1,0,1,1,1,1,0,0,1,0,1,1,1,0,0,1,0,0,1,1,1,1,0,1,1,0,0,1,1,0,1,1,1,0,1,0,0,1,1,0,0,1,0,0,1,0,0,0,0,0,1,1,0,1,1,0,0,1,1,1,0,0,0,0,0,0,1,1,1,1,0,0,0,1,0,0,0,1,0,1,1,0,1,1,0,1,0,1,1,1,1
"solcap_snp_c2_3321",2,1,3,1,2,2,1,2,1,2,1,0,2,2,2,2,1,2,2,2,1,2,1,2,1,2,1,1,0,2,1,1,1,1,1,1,2,3,2,2,1,2,2,1,1,1,1,1,2,2,3,1,2,0,2,1,9,1,3,1,2,2,1,1,3,1,0,2,2,1,1,0,1,0,9,1,1,1,1,1,1,2,2,1,1,1,0,1,1,9,1,2,1,1,1,1,2,9,1,0,3,1,1,1,2,2,1,3,1,2,1,3,1,1,3,1,1,1,2,1,1,0,2,1,1,1,1,1,2,9,2,2,3,1,1,2,1,2,1,1,1,2,3,1,2,1,2,2,1,3,0,2,1,2,0,3,0,3,2,1,9,1
"solcap_snp_c2_3320",2,3,2,3,2,2,3,2,3,2,3,4,2,2,2,2,3,2,2,2,3,2,3,2,3,2,3,3,4,2,3,3,3,3,3,3,9,1,2,2,3,2,2,3,3,3,3,3,2,2,1,3,2,4,2,3,2,3,1,3,2,2,3,3,1,3,4,2,2,3,3,4,3,4,3,3,3,3,3,3,3,2,2,3,3,3,4,3,3,2,2,2,3,3,3,3,2,9,3,4,1,3,3,3,2,2,3,1,3,2,3,1,3,3,1,3,3,3,2,3,3,4,2,3,3,3,3,3,2,3,2,2,1,3,3,9,3,2,3,3,3,2,1,3,2,3,2,2,3,1,4,2,3,2,4,1,4,1,2,3,2,3
"solcap_snp_c1_1029",1,3,2,2,1,1,3,2,2,1,2,3,2,2,1,1,3,2,1,1,2,2,2,1,2,2,2,2,3,1,2,2,2,3,9,3,9,9,1,1,3,1,1,9,2,2,2,2,1,1,1,2,1,3,2,3,1,2,1,3,2,1,3,9,1,2,3,1,1,2,2,9,3,3,2,2,2,3,2,2,3,1,1,9,3,3,3,3,3,1,9,1,2,3,2,2,2,9,2,3,1,2,2,2,9,1,3,1,2,1,3,9,2,3,1,2,3,3,2,3,3,3,1,3,2,2,3,3,1,2,1,2,1,3,3,9,3,1,2,2,2,2,1,3,1,3,2,2,2,1,3,1,3,1,3,9,3,1,1,2,1,2
"solcap_snp_c1_1000",2,2,3,2,2,3,1,2,2,3,2,1,3,2,2,2,2,2,2,2,2,2,2,3,2,2,2,2,1,3,1,2,2,1,2,1,3,3,3,3,1,2,9,2,2,1,1,9,2,2,3,1,2,1,3,2,9,1,3,3,3,9,2,2,9,1,1,2,2,2,2,1,1,1,2,2,2,1,1,2,1,2,2,1,1,2,1,2,2,2,2,2,2,1,2,1,2,2,2,1,3,1,2,2,3,3,2,3,2,2,2,3,1,2,3,2,1,2,2,2,2,1,3,1,1,2,2,1,3,9,9,2,3,2,1,3,1,2,2,1,9,2,3,1,2,1,2,2,1,3,1,3,1,2,1,3,1,9,3,2,2,9
"solcap_snp_c1_992",1,1,2,1,1,2,0,1,1,2,1,0,2,1,1,1,1,1,1,1,1,1,1,2,1,1,1,1,0,2,0,1,1,0,1,0,2,2,2,2,0,1,1,1,1,0,0,1,1,1,2,0,1,0,2,1,2,0,2,2,2,2,1,1,2,0,0,1,1,1,1,0,0,0,1,1,1,0,0,1,0,1,1,0,0,1,0,1,1,1,1,1,1,0,1,0,1,1,1,0,2,0,1,1,2,2,1,2,1,1,1,2,0,1,2,1,0,1,1,1,1,0,2,0,0,1,1,0,2,1,2,1,2,1,0,2,0,1,1,0,1,1,2,0,1,0,1,1,0,2,0,2,0,1,0,2,0,2,2,1,1,1
"solcap_snp_c1_977",1,1,9,1,1,2,0,1,1,2,1,0,2,1,1,1,1,1,1,1,1,1,1,2,1,1,1,1,0,2,0,1,1,0,1,0,2,2,2,2,0,1,1,1,1,0,0,1,2,1,2,0,1,0,2,1,2,0,2,2,2,2,1,1,2,0,0,1,1,1,1,0,0,1,1,1,1,0,0,1,0,1,1,0,0,1,0,1,1,1,1,1,1,0,1,0,1,1,1,0,9,0,1,1,2,2,1,2,1,1,1,2,0,1,2,1,0,1,1,1,1,0,2,0,0,1,1,0,2,1,2,1,2,1,0,2,0,1,1,0,1,1,2,0,1,0,1,1,0,2,0,2,0,1,0,2,0,2,2,1,1,1
"solcap_snp_c1_14388",3,3,9,3,3,2,4,3,9,2,3,4,2,3,3,3,3,3,3,3,3,3,3,2,3,3,3,3,4,2,4,3,3,4,3,4,2,2,2,2,4,3,3,3,3,4,4,3,9,3,2,4,3,4,2,3,2,4,2,2,2,2,3,3,2,4,4,3,3,3,3,4,4,3,3,3,3,4,4,3,4,3,3,4,4,3,4,3,3,3,3,3,3,4,3,4,3,9,3,4,9,4,3,9,2,2,4,2,3,3,3,2,4,3,2,3,4,3,3,3,3,4,2,4,4,3,3,4,2,2,2,3,2,3,4,2,4,3,3,4,3,2,2,4,3,4,3,9,4,2,4,2,4,3,4,2,4,2,2,3,3,3
"solcap_snp_c1_14393",3,3,2,3,3,2,4,3,3,2,3,9,2,3,3,3,3,3,3,3,3,3,3,2,3,3,3,3,4,2,4,3,3,4,3,4,2,2,2,2,4,3,3,3,3,4,4,3,2,3,2,4,3,4,2,3,9,4,2,2,2,2,3,3,2,4,4,3,3,3,3,4,4,3,3,3,3,4,4,3,4,3,3,4,4,3,4,3,3,3,3,3,3,4,3,4,3,3,3,4,9,4,3,3,2,2,4,2,3,3,3,2,4,3,2,2,4,3,3,3,3,4,2,4,4,3,3,4,2,2,2,3,2,3,4,2,4,3,3,4,3,3,2,4,3,4,2,3,4,2,4,2,4,3,4,2,4,2,2,3,3,3
"solcap_snp_c1_14394",1,1,9,1,1,2,0,1,1,2,1,1,2,1,1,1,1,1,1,1,1,1,1,2,1,1,1,1,0,2,0,1,1,0,1,0,2,2,2,2,0,1,1,1,1,0,0,1,2,1,2,0,1,0,2,1,2,0,2,2,2,2,1,1,2,0,0,1,1,1,1,0,0,1,1,1,1,0,0,1,0,1,1,0,0,1,0,1,1,1,1,1,1,0,1,0,1,1,1,0,9,0,1,1,2,2,0,2,1,1,1,2,0,1,2,2,0,1,1,1,1,0,2,0,0,1,1,0,2,2,2,1,2,1,0,2,0,1,1,0,1,1,2,0,1,0,2,1,0,2,0,2,0,1,0,2,0,2,2,1,1,1
"solcap_snp_c1_14370",3,4,4,4,3,4,3,3,4,4,4,4,4,3,3,3,4,3,3,3,4,3,4,4,4,3,4,4,4,3,3,4,4,3,4,3,4,3,4,4,3,3,3,3,4,3,4,4,4,3,3,3,3,4,4,4,3,3,3,4,4,4,4,4,3,3,4,3,3,4,4,4,3,4,4,4,4,3,3,4,3,3,3,3,3,4,4,4,4,4,3,3,4,3,4,3,3,3,4,4,4,3,4,4,4,4,3,3,4,3,4,3,3,4,3,4,3,4,3,4,4,4,4,3,3,4,4,3,4,4,4,3,3,4,3,4,3,3,4,3,4,3,3,3,3,3,4,3,3,3,4,4,3,3,4,3,4,3,4,4,3,4
"solcap_snp_c2_39017",3,4,4,4,3,4,3,3,4,4,4,4,4,3,3,3,4,3,3,3,4,3,4,3,4,3,4,4,4,3,3,4,4,3,4,3,4,3,4,4,3,3,3,3,4,3,4,4,4,3,3,3,3,4,4,4,3,3,3,4,4,4,4,4,3,3,4,3,3,4,4,4,3,4,4,4,4,3,3,4,3,3,3,3,3,4,4,4,4,4,3,3,4,3,4,3,3,3,4,4,4,3,4,4,4,4,3,3,4,3,4,3,3,4,3,4,3,4,3,4,4,4,4,3,3,4,4,3,4,4,4,3,3,4,3,4,3,3,4,3,4,3,3,3,3,3,4,4,3,3,4,4,3,3,4,3,4,3,4,4,3,4
"solcap_snp_c1_3608",1,1,2,1,2,1,1,2,0,0,1,0,1,2,2,2,0,2,2,2,0,1,1,2,1,2,1,0,0,2,1,1,1,1,0,1,1,9,1,1,1,2,2,1,0,1,0,1,1,2,2,1,2,0,1,0,2,1,1,1,1,1,0,0,2,1,0,2,2,0,0,0,1,0,0,1,0,1,1,1,1,2,2,1,1,0,0,0,0,1,1,2,0,1,0,1,2,1,0,0,1,1,0,1,1,1,1,2,1,2,0,2,1,0,2,1,1,0,2,1,0,0,1,1,2,1,0,1,1,1,1,2,2,0,1,1,1,1,0,1,0,1,2,1,2,1,1,0,1,2,0,1,1,2,0,2,0,2,1,0,2,1
"solcap_snp_c2_10963",1,0,0,1,1,0,0,0,1,1,1,1,0,0,1,1,0,0,1,1,1,1,1,0,1,0,1,1,1,0,0,1,1,0,0,1,1,1,1,1,0,1,0,1,0,1,1,1,1,0,0,1,1,1,0,0,1,1,0,0,0,1,0,1,0,1,0,0,1,1,1,1,0,0,0,1,1,0,1,1,1,0,1,1,0,0,1,1,0,1,1,0,1,0,1,1,0,0,1,1,0,1,1,0,0,1,0,0,1,1,0,0,0,0,0,1,0,0,0,0,0,1,1,1,1,1,0,0,1,1,1,0,0,0,0,0,0,1,1,1,1,0,0,0,1,0,0,0,1,0,0,1,0,1,1,0,1,0,1,1,1,0
"solcap_snp_c2_10906",3,1,2,1,1,3,2,3,1,2,1,2,3,2,1,1,2,3,1,2,2,1,2,2,1,2,1,1,9,2,3,1,1,3,3,2,1,1,1,1,3,1,2,2,3,1,1,1,1,2,3,1,1,2,2,3,9,1,2,3,2,1,3,3,2,1,2,3,1,1,2,1,3,3,2,1,2,3,1,2,2,3,2,3,2,3,2,1,2,1,9,3,2,2,3,2,2,3,1,1,2,2,2,2,3,2,3,3,2,1,3,2,3,2,2,2,3,3,2,2,9,9,1,1,2,2,3,2,1,1,1,2,2,2,3,3,3,1,2,1,2,3,9,3,2,3,2,3,2,3,3,1,3,1,2,2,1,3,2,2,2,2
"solcap_snp_c2_32193",1,0,0,1,1,0,0,0,1,1,1,1,0,0,1,1,0,0,1,1,1,1,1,0,1,0,1,1,1,0,0,1,1,0,0,1,1,1,1,0,0,1,0,1,0,1,1,1,1,0,0,1,1,1,0,0,1,1,0,0,0,1,0,1,0,1,0,0,0,1,1,1,0,0,0,1,1,0,1,1,1,0,1,1,0,0,1,1,0,1,1,0,1,0,1,0,0,0,1,1,0,1,1,0,0,1,0,0,1,1,0,0,0,0,0,1,0,0,0,0,0,1,1,1,1,1,0,0,1,1,1,0,0,0,0,0,0,1,1,1,1,0,0,0,1,0,0,0,1,0,0,1,0,1,1,0,1,1,1,1,1,0
"solcap_snp_c1_9651",0,1,1,1,0,1,0,0,0,0,1,0,1,1,1,0,0,0,1,1,0,1,1,1,1,1,0,0,0,1,0,1,1,0,0,0,1,1,1,1,0,1,1,0,0,0,0,1,1,1,1,0,1,0,1,1,1,0,1,1,1,1,0,0,1,0,1,1,1,1,0,0,0,0,0,1,0,0,0,1,0,1,1,0,0,0,0,0,0,1,1,0,0,0,0,0,1,0,0,0,0,0,0,1,1,1,0,1,1,1,0,1,0,0,1,1,0,0,1,1,0,0,1,1,1,1,0,0,1,1,1,1,1,0,0,1,0,1,0,0,0,0,1,0,1,0,1,0,0,1,0,1,0,1,0,1,0,1,1,0,1,1
"solcap_snp_c2_4030",0,1,1,1,0,1,0,0,0,0,1,0,1,1,1,0,0,0,1,1,0,1,1,1,1,1,0,0,0,1,0,1,1,0,0,0,1,1,1,1,0,1,1,0,0,0,0,1,1,1,1,0,1,0,1,1,1,0,1,1,1,1,0,0,1,0,1,1,1,1,0,0,0,0,0,1,0,0,0,1,0,1,1,0,0,0,0,0,0,1,1,0,0,0,0,0,1,0,0,0,0,0,0,1,1,1,0,1,1,1,0,1,0,0,1,1,0,0,1,1,0,1,1,1,1,1,0,0,1,1,1,1,1,0,0,1,0,1,0,0,0,0,1,0,1,0,1,0,0,1,0,1,0,1,0,1,0,1,1,0,1,1
"solcap_snp_c1_1383",3,4,4,3,3,4,4,4,3,3,3,3,4,4,3,3,4,4,3,3,3,3,3,4,3,4,3,3,3,4,4,3,3,4,4,3,3,3,3,4,4,3,4,3,4,3,3,3,3,4,4,3,3,3,4,4,3,3,4,4,4,3,4,3,4,3,4,4,4,3,3,3,4,4,4,3,3,4,3,3,3,4,3,3,4,4,3,3,4,4,3,4,3,4,3,4,4,4,4,3,3,3,3,4,4,3,4,4,3,3,4,4,4,4,4,3,4,4,4,4,4,3,3,3,3,3,4,4,3,3,3,4,4,4,4,4,4,3,3,3,3,4,4,4,3,4,4,4,3,4,4,3,4,3,3,4,3,3,3,3,3,4
"solcap_snp_c2_4136",1,0,0,1,1,0,0,0,1,1,1,1,0,0,1,1,0,0,1,1,1,1,1,0,1,0,1,1,1,0,0,1,1,0,0,1,1,1,1,0,0,1,0,1,0,1,1,1,1,0,0,1,1,1,0,0,1,1,0,0,0,1,0,1,0,1,0,0,0,1,1,1,0,0,0,1,1,0,1,1,1,0,1,1,0,0,1,1,0,0,1,0,1,0,1,0,0,0,0,1,1,1,1,0,0,1,0,0,1,1,0,0,0,0,0,1,0,0,0,0,0,1,1,1,1,1,0,0,1,1,1,0,0,0,0,0,0,1,1,1,1,0,1,0,1,0,0,0,1,0,0,1,0,1,1,0,1,1,1,1,1,0
"solcap_snp_c2_4157",3,4,4,3,3,4,4,4,3,3,3,9,4,4,3,3,4,4,3,3,3,3,3,4,3,4,3,3,3,4,4,3,3,4,4,3,3,3,3,4,4,3,4,3,4,3,3,3,3,4,4,3,3,3,4,4,3,3,4,4,4,3,4,3,4,3,4,4,4,3,3,3,4,4,4,3,3,4,3,3,3,4,3,3,4,4,3,3,4,4,3,4,3,4,3,4,4,4,4,3,3,3,3,4,4,3,4,4,3,3,4,4,4,4,4,3,4,4,4,4,4,3,3,3,3,3,4,4,3,3,3,4,4,4,4,4,4,3,3,3,3,4,3,4,3,4,4,4,3,4,4,3,4,3,3,4,3,3,3,3,3,4
"solcap_snp_c1_1420",4,3,3,3,4,3,4,4,4,4,3,9,3,3,3,4,4,4,3,3,4,3,3,3,3,3,4,4,4,3,4,3,3,4,4,4,3,3,3,3,4,3,3,4,4,4,4,3,3,3,3,4,3,4,3,3,3,4,3,3,4,3,4,4,3,4,3,3,3,3,4,4,4,4,4,3,4,4,4,3,3,3,4,4,4,4,4,4,4,3,3,4,4,4,4,4,3,4,4,4,4,4,4,3,3,3,4,3,3,3,4,3,4,4,3,3,4,4,3,3,3,3,3,3,3,3,4,4,3,3,4,3,3,3,4,3,4,3,4,4,4,4,3,4,3,4,3,4,4,3,4,3,4,3,4,3,4,3,3,4,3,3
"solcap_snp_c1_1422",3,4,4,3,3,4,4,4,3,3,3,3,4,4,3,3,4,4,3,3,3,3,3,4,3,4,3,3,3,4,4,3,3,4,4,3,3,3,3,4,4,3,4,3,4,3,3,3,3,4,4,3,3,3,4,4,3,3,4,4,4,3,4,3,4,3,4,4,4,3,3,3,4,4,4,3,3,4,3,3,3,4,3,3,4,4,3,3,4,4,3,4,3,4,3,4,4,4,4,3,3,3,3,4,4,3,4,4,3,3,4,4,4,4,4,3,4,4,4,4,4,3,3,3,3,3,4,4,3,3,3,4,4,4,4,4,4,3,3,3,3,4,3,4,3,4,4,4,3,4,4,3,4,3,3,4,3,3,3,3,3,4
"solcap_snp_c2_3943",4,2,3,3,4,3,3,4,3,4,3,3,3,2,2,3,4,3,2,3,3,3,3,2,2,3,3,3,4,9,3,3,3,4,3,3,3,3,3,3,4,3,3,3,4,3,3,3,3,3,3,3,3,4,2,3,3,3,3,3,3,2,3,4,2,3,3,3,2,3,3,4,4,4,3,3,4,4,3,3,3,3,3,9,3,4,3,3,3,3,3,3,3,3,4,3,2,4,3,3,3,4,4,3,3,3,3,3,3,3,3,9,3,3,2,3,4,3,3,2,3,2,3,2,3,3,4,3,2,9,3,3,2,3,4,3,3,2,3,3,4,4,3,4,3,3,2,3,3,3,3,2,4,3,4,3,3,3,3,3,3,3
"solcap_snp_c2_3944",2,2,2,1,3,3,3,4,1,2,2,2,2,2,1,2,3,2,1,2,1,2,2,1,1,3,2,2,3,1,2,2,2,4,2,2,1,2,1,2,4,2,2,2,3,2,2,2,1,2,2,2,2,3,1,2,2,2,2,2,2,0,2,9,1,2,2,3,2,1,1,9,3,3,9,2,2,4,2,2,2,2,2,2,3,3,1,2,2,2,9,2,2,3,2,2,2,4,2,2,1,3,2,2,2,1,3,2,2,2,2,1,2,2,1,1,4,2,2,1,2,1,1,1,2,2,3,3,0,0,1,3,2,2,4,3,3,1,1,2,2,3,2,4,2,3,1,2,2,2,2,0,4,2,3,2,1,2,1,1,2,2
"solcap_snp_c2_3947",2,2,2,1,3,3,3,4,1,2,2,2,2,2,1,2,3,2,1,2,1,2,2,1,1,3,2,2,3,1,2,2,2,4,2,2,9,2,1,2,4,2,2,2,3,2,2,2,1,2,2,2,2,3,1,2,2,2,2,2,2,0,2,9,1,2,2,3,2,1,1,9,9,3,2,2,2,4,2,2,2,2,2,2,3,3,1,2,2,9,1,2,9,3,2,2,2,4,2,2,1,3,2,9,2,1,3,2,2,2,2,9,2,2,1,1,4,2,2,1,2,1,1,1,2,2,9,3,0,0,1,3,2,2,4,3,3,1,1,2,2,3,2,4,2,3,1,2,2,2,2,0,4,2,3,2,1,2,1,1,2,2
"solcap_snp_c2_3950",0,2,1,1,0,1,1,0,1,0,1,1,1,2,2,1,0,1,2,1,1,1,1,2,2,1,1,1,0,2,1,1,1,0,1,1,1,1,1,1,0,1,1,1,0,1,1,1,1,1,1,1,1,0,2,1,1,1,1,1,1,2,1,0,2,1,1,1,2,1,1,0,0,0,1,1,0,0,1,1,1,1,1,1,1,0,1,1,1,1,1,1,1,1,0,1,2,0,1,1,1,0,0,1,1,1,1,1,1,1,1,2,1,1,2,1,0,1,1,2,1,2,1,2,1,1,0,1,2,2,1,1,2,1,0,1,1,2,1,1,0,0,1,0,1,1,2,1,1,1,1,2,0,1,0,1,1,1,1,1,1,1
"solcap_snp_c2_3953",2,2,3,3,1,1,1,0,3,2,2,2,2,2,3,2,1,2,3,2,3,2,2,3,3,1,2,2,1,3,2,2,2,0,2,2,3,2,3,2,0,2,2,2,9,2,2,2,3,9,2,2,2,1,3,2,9,2,2,2,2,4,2,2,3,2,2,1,2,3,3,1,1,2,2,2,2,0,2,2,2,2,2,2,1,9,3,2,2,2,2,2,2,1,2,2,2,0,2,2,3,1,2,2,2,3,1,2,2,2,2,3,2,2,3,3,0,2,2,3,2,3,3,3,2,2,1,1,4,4,3,1,2,2,0,1,1,3,3,2,2,1,2,0,2,1,3,2,2,2,2,4,0,2,1,2,3,2,3,3,2,2
"solcap_snp_c2_3961",0,1,1,1,0,1,0,0,0,0,1,0,1,1,1,0,0,0,1,1,0,1,1,1,1,1,0,0,0,1,0,1,1,0,0,0,1,1,1,1,0,1,1,0,0,0,0,1,1,1,1,0,1,0,1,1,1,0,1,1,0,1,0,0,1,0,1,1,1,1,0,0,0,0,0,1,0,0,0,1,1,1,0,0,0,0,0,0,0,1,1,0,0,0,0,0,1,0,0,0,0,0,0,1,1,1,0,1,1,1,0,1,0,0,1,1,0,0,1,1,1,1,1,1,1,1,0,0,1,1,0,1,1,1,0,1,0,1,0,0,0,0,1,0,1,0,1,0,0,1,0,1,0,1,0,1,0,1,1,0,1,1
"solcap_snp_c2_3962",4,3,3,3,4,3,4,4,4,4,3,4,3,3,3,4,4,4,3,3,4,3,3,3,3,3,4,4,4,3,4,3,3,4,4,4,3,3,3,3,4,3,3,4,4,4,4,3,3,3,3,4,3,4,3,3,3,4,3,3,4,3,4,4,3,4,3,3,3,3,4,4,4,4,4,3,4,4,4,3,3,3,4,4,4,4,4,4,4,3,3,4,4,4,4,4,3,4,4,4,4,4,4,3,3,3,4,3,3,3,4,3,4,4,3,3,4,4,3,3,3,3,3,3,3,3,4,4,3,3,4,3,3,3,4,3,4,3,4,4,4,4,3,4,3,4,3,4,4,3,4,3,4,3,4,3,4,3,3,4,3,3
"solcap_snp_c2_3969",2,2,3,3,1,1,1,0,3,2,2,2,2,2,3,2,1,2,3,2,3,2,2,3,3,1,2,2,1,3,2,2,2,0,2,2,3,2,3,2,0,2,2,2,1,2,2,2,3,2,2,2,2,1,3,2,9,2,2,2,2,4,2,2,3,2,2,1,2,3,3,1,1,1,2,2,2,0,2,2,2,2,2,2,1,1,3,2,2,2,2,2,2,1,2,2,2,0,2,2,3,1,2,2,2,3,1,2,2,2,2,3,2,2,3,3,0,2,2,3,2,3,3,3,2,2,1,1,4,4,3,1,2,2,0,1,1,3,3,2,2,1,2,0,2,1,3,2,2,2,2,4,0,2,1,2,3,2,3,3,2,2
"solcap_snp_c2_3984",3,2,3,2,3,3,3,4,2,3,2,2,1,3,1,2,4,3,1,2,3,2,2,2,1,3,2,2,3,2,3,2,2,4,3,2,9,2,2,3,4,2,2,9,4,2,9,9,2,3,3,2,2,3,2,3,9,2,3,3,3,1,3,3,2,2,3,3,2,2,2,9,4,4,3,2,3,4,2,2,2,3,2,2,3,4,2,2,3,3,2,3,2,3,9,3,2,4,3,2,2,9,9,3,3,2,3,3,2,2,3,9,3,3,2,2,4,3,3,2,3,9,2,1,2,2,4,3,1,9,2,3,2,3,3,3,3,1,2,2,3,4,9,4,2,3,2,3,2,3,3,1,4,2,3,3,2,2,2,2,2,3
"solcap_snp_c1_10539",1,0,0,1,1,0,0,0,1,1,1,1,0,0,1,1,0,0,1,1,0,1,1,0,1,0,1,1,1,0,0,1,1,0,0,1,1,1,1,0,0,1,0,1,0,1,1,1,1,0,0,1,1,1,0,0,1,1,0,0,0,1,0,1,0,1,0,0,0,1,1,1,0,0,0,1,1,0,1,1,1,0,1,1,0,0,1,1,0,0,1,0,1,0,1,0,0,0,0,1,1,1,1,0,0,1,0,0,1,1,0,0,0,0,0,1,0,0,0,0,0,1,1,1,1,1,0,0,1,1,1,0,0,0,0,0,0,1,1,1,1,0,1,0,1,0,0,0,1,0,0,1,0,1,1,0,1,1,1,1,1,0
"solcap_snp_c2_35422",1,0,0,1,1,0,0,0,1,1,1,1,9,0,1,1,0,0,1,1,0,1,1,0,1,0,1,1,1,0,0,1,1,0,0,1,1,1,1,0,1,1,0,1,0,1,1,1,1,0,0,1,1,1,0,1,1,1,0,0,0,1,0,1,0,1,0,0,0,1,1,1,0,0,0,1,1,0,1,1,1,0,1,1,0,0,1,1,0,0,1,0,1,0,1,0,0,0,0,1,1,1,1,0,0,1,0,0,1,1,0,0,0,0,0,1,0,0,0,0,0,1,1,1,1,1,0,0,1,1,1,0,0,0,0,0,0,1,1,1,1,0,1,0,1,0,0,0,1,0,0,1,0,1,1,0,1,1,1,1,1,0
"solcap_snp_c1_10528",1,0,0,1,1,0,0,0,1,1,1,1,0,0,1,1,0,0,1,1,0,1,1,0,1,0,1,1,1,0,0,1,1,0,0,1,1,1,1,0,1,1,0,1,0,1,1,1,1,0,0,1,1,1,0,1,1,1,0,0,0,1,0,1,0,1,0,0,0,1,1,1,0,0,0,1,1,0,1,1,1,0,1,1,0,0,1,1,0,0,1,0,1,0,1,0,0,0,0,1,1,1,1,0,0,1,0,0,1,1,0,0,0,0,0,1,0,0,0,0,0,1,1,1,1,1,0,0,1,1,1,0,0,0,0,0,0,1,1,1,1,0,1,0,1,0,0,0,1,0,0,1,0,1,1,0,1,1,1,1,1,0
"solcap_snp_c2_35411",1,3,3,2,2,3,2,3,1,2,3,2,3,2,1,1,3,2,1,2,2,3,3,1,2,3,2,2,3,1,1,3,2,3,2,1,2,2,2,3,2,1,1,2,3,1,3,3,2,3,2,2,2,3,2,2,2,1,3,3,2,1,2,2,1,1,3,3,2,2,1,2,2,9,2,3,2,3,1,3,2,2,1,1,1,3,1,2,2,3,2,1,9,2,1,2,2,3,1,1,1,2,9,3,3,2,2,3,3,2,1,9,1,1,1,2,3,2,2,2,3,9,2,2,2,3,3,2,1,1,1,3,2,3,2,3,2,2,2,1,2,2,2,3,2,2,2,2,1,2,2,1,3,2,2,3,1,2,2,1,2,3
"solcap_snp_c2_52241",1,3,3,2,2,3,2,3,1,2,3,2,3,2,1,1,3,2,1,2,2,9,3,1,2,3,2,2,3,1,1,3,2,3,2,1,2,2,2,3,2,1,1,2,3,1,9,3,2,3,2,2,2,9,2,2,2,1,3,3,2,1,2,2,1,1,3,3,2,2,1,2,2,9,2,3,2,3,1,3,2,2,1,1,1,3,1,2,2,9,2,1,9,9,1,2,2,3,1,1,1,2,9,9,3,2,2,3,3,2,1,9,1,1,1,2,3,2,2,2,3,9,2,2,2,9,3,2,1,9,1,3,2,3,2,3,2,2,2,1,2,2,2,3,2,2,2,2,9,2,2,1,3,2,2,3,1,2,2,1,2,3
"solcap_snp_c2_52242",4,3,4,4,4,4,3,4,3,4,4,9,4,3,3,3,4,3,3,4,3,4,4,3,3,4,3,3,4,3,3,4,4,4,3,3,4,4,4,4,4,3,3,3,4,3,4,4,4,4,4,3,4,4,3,3,4,3,4,4,3,3,3,4,3,3,4,4,3,4,3,4,4,4,3,4,4,4,3,4,4,4,3,3,3,4,3,3,3,4,4,3,3,3,3,3,3,4,3,3,3,4,4,4,4,4,3,4,4,4,3,3,3,3,3,4,4,3,4,3,4,3,4,3,4,4,4,3,3,3,3,4,3,4,3,4,3,3,3,3,4,4,4,4,4,3,3,3,3,4,3,3,4,4,4,4,3,4,4,3,4,4
"solcap_snp_c2_13322",1,0,0,0,1,1,1,1,0,0,0,9,0,1,1,1,0,0,1,1,0,0,0,1,0,1,0,0,0,1,1,0,1,1,0,1,0,1,0,0,0,1,1,1,0,1,0,0,0,0,1,0,1,0,0,0,1,1,0,0,0,0,0,0,1,1,0,1,1,0,0,0,1,1,0,0,0,1,1,0,1,1,1,1,1,0,0,0,0,0,0,1,0,1,0,0,1,1,1,0,0,1,0,0,0,0,1,0,0,1,1,1,1,1,1,0,1,0,1,0,0,0,0,0,1,0,1,1,0,0,0,0,1,0,1,1,1,0,0,1,0,1,1,1,1,1,0,0,1,1,0,0,1,1,1,0,0,1,0,0,1,0
"solcap_snp_c2_13304",2,3,3,3,3,3,2,3,2,3,4,3,3,2,2,2,3,2,2,3,2,4,4,1,3,3,3,3,4,1,1,4,3,3,2,2,3,3,3,3,3,2,1,9,3,2,4,4,3,3,2,3,3,4,2,3,2,2,3,3,2,2,2,3,1,2,3,3,2,3,2,4,2,2,2,4,3,3,2,4,3,2,2,2,1,3,2,3,2,3,3,1,2,2,2,2,2,3,1,2,2,3,3,3,3,3,2,3,4,3,1,1,1,1,1,3,3,2,2,2,3,2,3,3,3,4,3,2,2,2,2,3,2,3,2,3,2,3,3,2,3,2,3,3,3,2,2,2,2,2,2,2,3,3,3,3,2,3,3,2,3,3
"solcap_snp_c2_13273",1,0,9,1,0,0,0,0,1,1,0,0,1,0,0,1,1,1,0,0,1,0,0,1,0,0,0,0,0,1,1,0,0,0,1,0,1,0,1,1,1,0,1,0,1,0,0,0,1,1,1,0,0,0,1,1,1,0,1,1,1,1,1,1,1,0,1,0,0,1,1,0,1,1,1,0,1,0,0,0,0,1,0,0,1,1,1,0,1,1,1,1,1,0,1,1,0,0,1,1,1,0,1,1,1,1,0,1,0,0,1,1,1,1,1,1,0,1,1,1,1,1,1,0,0,0,0,0,1,9,1,1,0,1,0,0,0,0,0,0,1,1,0,0,0,0,1,1,0,1,1,1,0,0,0,1,1,0,1,1,0,1
"solcap_snp_c2_13193",1,0,0,0,1,1,1,1,0,0,0,0,0,1,1,0,0,0,1,1,0,0,0,1,0,1,0,0,0,1,1,0,1,1,0,1,0,1,0,0,0,1,1,1,0,1,0,0,0,0,1,0,1,0,0,0,1,1,0,0,0,0,0,1,1,1,0,1,1,0,0,0,1,1,0,0,0,1,1,0,1,1,1,1,1,0,0,0,0,0,0,1,0,1,0,0,1,1,1,0,0,1,0,0,0,0,1,0,0,1,1,1,1,1,1,0,1,0,1,0,0,0,0,0,1,0,1,1,0,0,0,0,1,0,1,1,1,0,0,1,0,1,1,1,1,1,0,0,1,1,0,0,1,1,1,0,0,1,0,0,1,0
"solcap_snp_c2_13180",3,2,3,2,9,3,4,2,2,1,2,2,2,3,3,2,2,3,3,2,3,2,2,4,3,3,2,2,1,4,3,2,2,3,3,9,9,2,2,3,1,2,4,9,2,2,1,2,2,3,3,2,3,1,4,2,9,2,3,3,3,3,3,2,4,2,3,3,4,2,2,9,2,9,3,2,1,2,2,2,2,3,2,2,3,2,2,2,3,9,2,3,2,2,2,9,4,9,3,2,2,1,1,9,3,2,3,3,3,2,3,4,3,3,4,2,2,3,3,4,3,2,2,3,2,2,2,3,4,3,2,3,4,3,4,3,3,3,2,2,9,2,9,2,2,3,3,3,9,3,3,3,2,2,1,3,2,2,3,2,2,3
"solcap_snp_c2_13177",3,2,3,2,9,3,4,2,2,1,2,2,3,3,3,2,2,3,3,2,3,2,2,4,3,3,2,2,1,4,3,2,2,3,3,9,9,9,2,3,1,2,4,9,2,2,1,9,2,3,3,2,3,1,4,2,9,2,3,3,3,3,3,2,4,2,3,3,4,2,2,9,2,9,3,2,1,2,2,2,2,3,2,2,3,2,2,2,3,9,2,3,9,9,2,9,4,2,3,2,2,1,1,9,3,2,3,3,3,2,3,4,3,3,4,2,2,3,3,4,3,2,2,3,9,2,2,3,4,3,2,3,4,3,4,3,3,3,2,2,1,2,9,9,2,3,3,3,9,3,3,3,2,2,1,3,2,2,3,2,2,3
"solcap_snp_c1_4238",1,2,2,2,3,1,0,2,2,3,2,2,1,1,1,2,2,1,1,2,1,2,2,0,1,1,2,2,3,0,1,2,2,1,1,2,2,2,2,1,3,2,0,2,2,2,3,2,2,1,1,2,1,3,0,2,2,2,1,1,1,1,1,9,0,2,1,1,0,2,2,9,2,2,1,2,3,2,2,2,2,1,2,2,1,2,2,2,1,1,9,1,2,9,2,1,0,2,1,2,2,9,3,1,9,2,1,1,1,2,1,0,1,1,0,2,2,9,1,0,1,9,2,1,2,2,2,1,0,1,2,1,0,1,0,9,1,1,2,2,3,2,2,2,2,1,1,1,2,1,1,1,2,2,3,9,2,2,1,2,2,9
"solcap_snp_c2_13163",1,0,0,0,1,1,1,1,0,0,0,0,0,1,1,0,0,0,1,1,0,0,0,1,0,1,0,0,0,1,1,0,1,1,0,1,0,1,0,0,0,1,1,1,0,1,0,0,0,0,1,0,1,0,0,0,1,1,0,0,0,0,0,1,1,1,0,1,1,0,0,0,1,1,0,0,0,1,1,0,1,1,1,1,1,0,0,1,0,0,0,1,0,1,0,0,1,1,1,0,0,1,0,0,0,0,1,0,1,1,1,1,1,1,1,0,1,0,1,0,0,0,0,0,1,0,1,1,0,0,0,0,1,0,1,1,1,0,0,1,0,1,1,1,1,1,0,0,1,1,0,0,1,1,1,0,0,1,0,0,1,0
"solcap_snp_c2_13139",0,1,0,0,0,0,1,0,1,0,0,9,9,1,1,1,0,1,1,0,1,0,0,1,1,0,1,1,0,1,1,0,0,0,1,1,0,0,0,0,0,1,1,1,0,1,0,0,0,0,0,1,0,0,1,1,0,1,0,0,1,1,1,0,1,1,0,0,1,0,1,0,0,0,1,0,0,0,1,0,0,0,1,1,1,0,1,1,1,0,1,1,1,1,1,1,1,0,1,1,1,0,1,0,0,0,1,0,0,0,1,1,1,0,1,0,0,1,0,1,0,1,0,1,0,0,0,1,1,1,1,0,1,0,1,0,1,0,1,1,0,0,0,0,0,1,1,1,1,0,1,1,0,0,0,0,1,0,0,1,0,0
"solcap_snp_c2_13138",2,2,2,2,3,2,1,3,2,3,3,3,2,1,1,2,3,2,1,2,2,9,3,0,2,2,3,3,4,0,1,3,2,2,1,2,9,2,2,2,3,2,0,9,3,2,4,3,2,2,1,3,2,4,1,2,2,2,2,2,2,1,2,9,0,2,2,2,1,2,2,4,2,3,2,3,3,3,2,3,2,1,2,2,1,3,2,2,2,9,1,9,2,2,2,9,1,3,1,2,2,3,9,9,2,2,2,2,2,2,1,0,9,2,0,2,3,2,1,1,2,1,2,2,2,9,3,2,1,9,2,2,1,2,1,9,2,3,3,2,3,2,2,3,2,2,2,2,9,1,2,1,3,2,3,2,2,2,2,2,2,2
"solcap_snp_c2_13132",2,2,2,2,3,2,1,3,2,3,3,9,2,1,1,9,3,2,1,2,2,3,3,0,2,2,3,3,4,0,1,3,2,2,1,9,2,2,2,2,9,2,0,9,9,2,4,3,2,2,1,3,2,4,1,2,2,2,2,2,2,1,2,9,0,2,9,2,1,2,2,4,2,9,2,3,3,3,2,3,2,1,2,2,1,3,2,2,9,9,9,9,2,9,2,2,1,3,9,2,2,3,9,2,2,2,2,2,2,2,1,0,9,2,0,2,3,2,1,1,2,9,2,2,2,3,3,2,1,9,2,2,1,2,1,9,2,3,3,2,3,2,9,3,2,2,2,2,9,1,2,1,3,2,3,2,2,2,2,2,2,2
"solcap_snp_c1_4206",0,2,2,1,2,1,0,2,1,2,1,1,1,1,0,1,2,1,0,1,1,9,1,0,0,1,1,1,2,0,1,1,1,1,0,1,1,1,1,1,2,1,0,1,2,1,2,1,1,1,1,1,1,2,0,9,1,1,1,1,1,0,1,2,0,1,1,1,0,1,1,2,2,2,1,1,2,2,1,1,1,2,1,1,1,2,1,1,1,1,1,1,2,9,1,1,0,9,1,1,1,2,1,1,1,1,1,1,1,1,1,0,1,2,0,1,2,1,1,0,1,1,1,0,1,1,2,1,0,0,1,1,0,1,0,2,1,1,1,1,2,2,1,2,1,1,1,1,1,1,1,0,2,1,2,1,1,1,1,1,1,1
"solcap_snp_c1_15470",2,2,3,2,2,3,2,2,1,2,1,0,3,2,2,2,1,2,2,3,2,1,2,3,1,2,0,0,1,3,3,1,2,3,2,2,2,2,2,2,2,1,3,1,2,1,1,1,2,2,4,0,2,1,2,3,3,1,2,3,2,2,2,2,3,1,2,3,2,2,2,1,3,3,9,1,2,2,1,2,2,3,2,2,2,2,2,1,1,2,1,2,2,9,2,2,2,9,2,1,1,2,1,2,3,3,2,3,3,2,2,3,3,3,3,2,2,2,3,2,3,2,2,1,3,2,2,1,2,9,2,2,2,3,2,2,2,1,1,1,2,3,2,2,3,2,1,2,2,4,2,2,2,2,2,3,2,3,3,2,3,2
"solcap_snp_c1_14783",1,0,1,1,0,0,0,0,1,1,0,0,1,1,0,1,1,1,0,0,1,0,0,1,0,0,0,0,0,1,1,0,0,0,1,0,1,0,1,1,1,0,1,0,1,0,0,0,1,1,1,0,0,0,1,1,1,0,1,1,1,1,0,1,1,0,1,0,0,1,1,0,1,1,1,0,1,0,0,0,0,1,0,0,1,1,1,0,1,1,1,1,1,0,1,1,0,0,1,1,1,0,1,1,0,1,0,1,0,0,1,1,1,1,1,1,0,1,1,1,1,1,1,0,0,0,0,0,1,1,1,1,0,1,0,0,0,0,0,0,1,1,0,0,0,0,1,1,0,1,1,1,0,0,0,1,1,0,1,1,0,1
"solcap_snp_c2_50247",3,1,9,2,3,2,2,3,2,2,3,3,1,2,2,1,3,2,2,2,1,3,2,9,2,3,3,3,3,9,9,3,3,2,1,2,2,3,2,2,2,3,9,3,2,3,3,3,2,2,9,3,3,3,1,1,2,3,2,1,1,1,2,2,1,3,2,2,3,2,1,9,2,2,2,3,2,3,3,2,2,2,2,2,2,2,1,3,2,2,9,1,2,2,1,1,2,9,2,2,2,3,2,2,9,1,2,1,2,3,2,2,9,2,9,2,3,1,2,1,1,1,2,2,2,2,3,3,1,9,1,2,2,1,2,3,2,3,2,3,2,2,3,3,2,2,2,1,2,9,1,1,3,3,3,1,1,2,1,1,2,2
"solcap_snp_c2_52515",2,1,2,2,2,1,1,2,2,2,3,3,1,1,1,1,3,2,1,1,1,3,2,0,2,2,3,3,3,0,0,3,2,1,1,1,2,2,2,2,2,2,0,2,2,2,3,3,2,2,0,3,2,3,1,1,1,2,2,1,1,1,1,2,0,2,2,1,2,2,1,3,1,9,2,3,2,2,2,2,2,1,1,1,1,2,1,2,2,2,1,1,2,9,1,1,1,2,1,2,2,2,2,9,1,1,1,1,1,2,1,0,0,1,0,2,2,1,1,1,1,1,2,2,1,2,2,2,1,1,1,2,1,1,1,2,1,3,2,2,2,1,2,2,1,1,2,1,1,0,1,1,2,2,2,1,1,1,1,1,1,2
"solcap_snp_c2_52517",1,1,0,0,2,2,1,2,0,1,0,0,1,1,1,1,0,0,1,2,1,1,1,1,0,1,0,0,1,1,2,0,1,9,0,2,0,1,0,0,1,1,1,1,1,1,1,0,0,0,2,0,1,1,0,1,9,1,0,1,1,0,2,2,1,1,0,2,1,0,1,1,2,2,0,0,1,2,1,1,0,2,9,9,1,1,1,1,0,0,0,1,1,9,1,1,1,9,1,0,0,9,0,0,2,1,2,1,2,1,1,1,2,2,1,0,2,1,1,0,1,1,0,0,2,1,9,2,0,0,1,0,1,1,1,2,2,0,1,1,1,2,1,2,2,2,0,1,2,2,1,0,2,1,2,1,1,2,1,1,2,0
"solcap_snp_c2_52521",2,1,2,2,2,1,1,2,2,2,3,1,1,1,1,1,3,2,1,1,1,3,2,0,2,2,3,3,3,0,0,3,2,1,1,1,2,2,2,2,2,2,0,2,2,2,3,3,2,2,0,3,2,3,1,1,1,2,2,1,1,1,1,2,0,2,2,1,2,2,1,2,1,1,2,3,2,2,2,2,2,1,1,1,1,2,1,2,2,2,1,1,2,9,1,1,1,9,1,2,2,2,2,2,1,1,1,1,1,2,1,0,0,1,0,2,2,1,1,1,1,1,2,2,1,2,2,2,1,1,1,2,1,1,1,2,1,3,2,2,2,1,2,2,1,1,2,1,1,0,1,1,2,2,2,1,1,1,1,1,1,2
"solcap_snp_c2_52522",2,3,3,2,2,3,3,2,2,2,9,9,3,3,3,3,1,2,3,3,3,1,2,4,2,2,9,1,1,4,4,1,2,3,3,3,2,2,2,2,2,2,4,2,2,2,1,9,2,9,4,9,2,1,3,3,3,2,2,3,3,3,3,2,4,2,2,3,2,2,3,1,9,3,2,9,2,2,2,2,2,3,3,3,3,2,3,2,2,2,2,3,9,2,3,3,3,1,3,2,2,9,2,2,3,3,3,3,3,2,3,4,4,3,4,2,2,3,3,3,3,3,2,2,3,2,2,2,3,3,3,2,3,3,3,2,3,1,2,2,2,3,9,2,3,3,2,3,3,4,3,3,2,2,2,3,3,3,3,3,3,9
"solcap_snp_c2_52523",3,3,4,4,2,2,3,2,4,3,4,4,3,3,3,3,4,4,3,2,3,3,3,3,4,3,4,4,3,3,2,4,3,2,4,2,4,3,4,4,3,3,3,3,3,3,3,4,4,4,2,4,3,3,4,3,2,3,4,3,3,4,2,2,3,3,4,2,3,4,3,2,2,2,4,4,3,2,3,3,4,2,2,2,3,3,3,3,4,4,4,3,3,2,3,3,3,9,3,4,4,2,4,4,2,3,2,3,2,3,3,3,2,2,3,4,2,3,3,4,3,3,4,4,2,3,2,2,4,4,3,4,3,3,3,2,2,4,3,3,3,2,3,2,2,2,4,3,2,2,3,4,2,3,2,3,3,2,3,3,2,4
"solcap_snp_c2_46431",3,4,3,3,4,4,4,4,3,3,4,4,9,3,4,3,3,3,4,4,3,4,4,3,4,4,4,4,4,3,3,4,4,4,3,4,3,4,3,3,3,4,3,4,3,4,4,4,3,3,3,4,4,4,3,3,3,4,3,3,3,3,4,3,3,4,3,4,4,3,3,4,3,3,3,4,3,4,4,4,3,3,4,4,3,3,3,4,3,3,3,3,3,4,3,3,4,4,3,3,3,4,3,3,4,3,4,3,4,4,3,3,3,3,3,3,4,3,3,3,3,3,3,4,4,4,4,4,3,3,3,3,4,3,4,4,4,4,4,4,3,3,4,4,4,4,3,3,4,3,3,3,4,4,4,3,3,4,3,3,4,3
"solcap_snp_c2_4420",1,0,0,0,1,1,1,1,0,0,0,0,0,1,1,0,0,0,1,1,0,0,0,1,0,1,0,0,0,1,1,0,1,1,0,1,0,1,0,0,0,1,1,1,0,1,0,0,0,0,1,0,1,0,0,0,1,1,0,0,0,0,1,1,1,1,0,1,1,0,0,0,1,1,0,0,0,1,1,0,0,1,1,1,1,0,0,1,0,0,0,0,0,1,0,0,1,1,1,1,0,1,0,0,1,0,1,0,1,1,1,1,1,1,1,0,1,0,1,0,0,0,0,0,1,0,1,1,0,0,0,0,1,0,1,1,1,0,0,1,0,1,1,1,1,1,0,0,1,1,0,0,1,1,1,0,0,1,0,0,1,0
"solcap_snp_c1_1512",1,2,2,1,1,2,3,1,1,0,1,1,1,2,3,1,0,1,3,2,1,0,1,3,2,2,1,1,0,3,2,1,2,2,2,2,1,2,1,1,0,2,3,2,0,2,0,1,1,1,2,1,2,0,2,9,2,2,1,1,1,2,2,1,3,2,1,2,2,1,1,0,1,9,1,1,0,1,2,1,1,1,2,2,2,0,1,2,1,1,1,1,1,9,1,1,2,1,2,2,1,0,1,1,2,1,2,1,2,2,2,3,2,1,3,1,1,1,2,2,1,9,1,2,2,1,1,1,2,2,1,1,3,1,3,9,2,1,1,2,0,1,2,1,2,2,1,1,2,2,1,2,1,2,1,1,1,2,1,1,2,1
"solcap_snp_c2_54609",3,3,4,4,2,2,3,2,4,3,4,4,2,3,3,3,4,4,3,2,3,3,3,3,4,3,4,4,3,3,2,4,3,2,4,9,4,3,4,4,3,3,3,3,3,3,3,4,4,4,2,4,3,3,4,3,2,3,4,3,3,4,2,3,3,3,4,2,3,4,3,9,2,2,4,4,3,2,3,3,4,2,2,2,3,3,3,3,4,4,4,3,3,9,3,9,2,2,3,2,4,3,4,4,2,3,2,3,2,3,3,3,2,2,3,4,2,3,3,4,3,3,4,4,2,3,2,2,4,4,3,4,3,3,3,9,2,4,3,3,3,2,3,2,2,2,4,3,2,2,3,4,2,3,2,3,3,2,3,3,2,4
"solcap_snp_c2_31991",1,0,9,1,0,0,0,0,1,1,0,1,1,1,0,1,9,1,0,0,1,1,0,1,0,0,0,0,0,1,1,0,0,0,1,0,9,0,1,1,9,0,1,0,1,0,0,0,1,9,1,0,0,0,1,1,1,0,1,1,1,1,0,1,1,0,1,0,0,1,1,0,1,1,9,0,9,0,0,1,1,1,0,0,1,9,1,0,1,1,1,1,1,0,1,1,0,0,1,1,1,0,1,1,0,1,0,1,0,0,1,0,1,1,1,1,0,1,1,1,0,1,1,0,0,0,0,0,1,9,1,1,0,1,0,0,0,0,0,0,9,1,0,0,0,0,1,1,0,1,1,1,0,0,0,9,1,0,1,1,0,9
"solcap_snp_c2_49766",3,3,3,3,3,3,4,3,3,2,4,3,2,3,4,2,3,3,4,3,2,2,3,3,4,4,4,4,3,3,2,4,4,3,3,3,3,4,3,3,2,3,3,4,2,4,2,4,3,3,2,4,4,3,3,9,9,4,3,2,2,3,3,9,3,4,3,3,4,3,2,9,2,9,3,4,2,3,4,2,3,2,3,3,3,2,2,4,3,3,3,2,9,3,2,2,3,9,3,2,2,9,3,9,3,2,3,2,3,4,3,4,2,2,3,3,3,9,3,3,3,2,3,4,3,3,3,3,3,3,2,3,4,2,4,3,2,3,3,4,9,2,4,3,3,3,3,2,3,2,2,3,3,4,3,9,2,3,2,2,3,3
"solcap_snp_c2_49764",3,3,3,3,3,3,4,3,3,2,4,3,2,3,4,2,3,3,4,3,2,2,3,3,4,4,4,4,3,3,2,4,4,3,3,3,3,4,3,3,2,3,3,4,2,4,2,4,3,3,2,4,4,3,3,9,9,4,3,2,2,3,3,3,3,4,3,3,4,3,2,9,2,3,3,4,2,3,4,2,3,2,3,3,3,2,2,4,3,3,3,2,9,3,2,2,3,9,3,2,2,3,3,9,3,2,3,2,3,4,3,4,2,2,3,3,3,9,3,3,3,2,3,4,3,3,3,3,3,3,2,3,4,2,4,3,2,3,3,4,2,2,4,3,3,3,3,2,3,2,2,3,3,4,3,2,2,3,2,2,3,3
"solcap_snp_c1_14676",1,1,2,1,1,1,0,1,1,2,0,2,2,1,0,2,1,1,0,1,2,2,9,1,0,0,0,0,1,1,2,0,0,1,1,1,9,0,1,1,2,1,1,0,2,0,2,0,1,9,2,0,0,1,1,2,2,0,1,2,2,1,1,2,1,0,1,1,0,1,2,1,2,2,9,0,2,1,0,2,1,2,1,1,1,2,2,0,1,1,1,2,9,1,2,9,1,1,1,2,2,1,1,1,1,2,1,2,1,0,1,0,2,2,1,1,1,2,1,1,1,9,1,0,1,1,1,1,1,9,2,1,0,2,0,1,2,1,1,0,2,2,0,1,1,1,1,2,1,2,2,1,1,0,1,2,2,1,2,2,1,9
"solcap_snp_c1_14669",4,3,3,3,4,3,3,4,4,4,3,4,9,4,3,4,4,4,3,3,4,4,3,3,3,3,4,4,4,3,4,3,3,3,3,4,3,3,3,3,4,4,3,4,4,4,4,3,3,3,4,4,3,4,3,3,3,4,3,3,4,3,4,4,3,3,3,4,4,3,4,4,4,4,4,3,4,4,4,3,3,4,4,4,4,4,4,4,4,3,3,4,4,4,4,4,3,4,4,4,4,4,4,3,3,3,4,3,3,3,4,3,4,4,3,3,4,4,3,3,3,3,3,3,3,3,4,4,3,3,4,3,3,3,3,4,4,4,4,4,4,4,3,4,3,4,4,4,4,3,4,3,4,3,4,3,4,3,3,4,3,3
"solcap_snp_c1_15780",1,1,2,1,1,1,0,1,1,2,0,1,2,1,0,2,9,1,0,1,2,2,1,1,0,0,0,0,1,1,2,0,0,1,1,1,9,0,1,1,2,1,9,0,2,0,2,0,1,1,2,0,0,1,1,2,2,0,1,2,2,1,1,2,1,0,1,1,0,1,2,1,2,2,1,0,2,1,0,2,1,2,1,1,1,2,2,0,1,1,1,2,2,1,2,2,1,1,1,2,2,1,1,1,1,2,1,2,1,0,1,0,1,2,1,1,1,2,1,1,1,9,1,0,1,1,1,1,1,9,2,1,0,2,0,1,2,1,1,0,2,2,0,1,1,1,1,2,1,2,2,1,1,0,1,2,2,1,2,2,1,1
"solcap_snp_c2_58236",0,1,0,0,1,1,0,1,0,1,0,0,1,0,0,1,1,0,0,1,1,1,1,0,0,0,0,0,1,0,1,0,0,1,0,1,0,0,0,0,1,1,0,0,1,0,1,0,0,0,1,0,0,1,0,1,1,0,0,1,1,0,1,1,0,0,0,1,0,0,1,1,1,1,0,0,1,1,0,0,0,1,1,1,0,1,1,0,0,0,0,1,1,1,1,1,1,1,0,1,1,1,0,0,1,1,1,1,1,0,0,0,0,1,0,0,1,1,0,0,1,1,0,0,1,1,1,1,0,0,1,0,0,1,0,1,1,1,1,0,1,1,0,1,1,1,0,1,1,1,1,0,1,0,1,1,1,1,1,1,1,0
"solcap_snp_c2_52898",4,3,4,4,3,3,4,3,4,3,4,4,3,4,4,3,3,4,4,3,3,3,3,4,4,4,4,4,3,4,3,4,4,3,4,3,4,4,4,4,3,3,4,4,3,4,3,4,4,4,3,4,4,3,4,3,3,4,4,3,3,4,3,3,4,4,4,3,4,4,3,3,3,3,4,4,3,3,4,4,4,3,3,3,4,3,3,4,4,4,4,3,3,3,3,3,3,3,4,3,3,3,4,4,3,3,3,3,3,4,4,4,4,3,4,4,3,3,4,4,3,3,4,4,3,3,3,3,4,4,3,4,4,3,4,3,3,3,3,4,3,3,4,3,3,3,4,3,3,3,3,4,3,4,3,3,3,3,3,3,3,4
"solcap_snp_c1_7530",1,0,0,0,0,1,1,1,0,0,0,0,0,1,1,0,0,0,1,1,0,0,0,1,1,1,0,0,0,1,1,0,1,1,0,1,0,1,0,0,0,1,1,1,0,1,0,0,0,0,1,0,0,0,0,0,1,1,0,0,0,0,1,1,1,1,0,1,1,0,0,0,1,1,0,0,0,1,1,0,0,1,1,1,1,0,0,1,0,0,0,0,0,1,0,0,1,1,1,1,0,0,0,0,1,0,1,0,1,1,1,1,1,1,1,0,1,0,0,0,0,0,0,0,1,0,1,0,0,0,0,0,1,0,1,1,1,0,0,1,0,1,1,1,1,1,0,0,1,1,0,0,1,1,1,0,1,1,0,0,1,0
"solcap_snp_c2_23439",0,1,0,0,0,0,1,0,1,0,0,1,0,1,1,1,0,1,1,0,1,0,0,1,1,0,1,1,0,1,1,0,0,0,1,1,0,0,0,0,0,1,1,1,1,1,0,0,0,0,1,1,0,0,1,1,0,1,0,0,1,1,1,0,1,1,0,1,1,0,1,0,0,0,1,0,0,0,0,1,0,0,1,1,1,0,1,1,1,0,1,1,1,1,1,1,0,0,1,1,1,0,1,0,0,0,1,0,0,0,1,1,1,0,1,0,0,1,0,1,0,1,0,1,0,0,0,0,1,1,1,0,1,0,1,0,1,0,1,1,0,0,0,0,0,1,1,1,1,0,1,1,0,0,0,0,1,0,0,1,0,0
"solcap_snp_c2_23431",2,2,9,1,1,2,2,2,2,2,0,2,2,3,2,3,2,2,2,2,3,2,1,3,2,1,1,1,1,3,4,0,1,2,2,3,1,9,1,1,2,3,3,2,3,2,2,0,1,1,4,1,1,1,2,3,9,2,1,2,3,2,3,9,3,2,1,3,9,1,3,1,3,3,2,0,2,2,9,2,1,3,3,9,3,2,3,2,2,1,9,3,2,2,3,9,2,9,3,4,3,1,2,1,9,2,3,2,2,1,3,9,3,2,3,1,2,3,1,2,1,2,1,1,2,1,2,1,2,9,3,1,2,2,2,9,4,1,2,2,2,3,9,2,2,3,2,3,3,3,3,2,2,1,2,2,4,2,2,3,2,1
"solcap_snp_c2_23426",3,4,4,4,4,3,3,3,4,4,4,4,4,3,3,4,4,4,3,3,4,4,4,3,3,3,4,4,4,3,3,4,3,3,4,3,4,3,4,4,4,3,3,3,4,3,4,4,4,4,3,4,4,4,4,4,3,3,4,4,4,4,3,3,3,3,4,3,3,4,4,4,3,3,4,4,4,3,3,4,4,3,3,3,3,4,4,3,4,4,4,4,4,3,4,4,3,3,3,3,4,4,4,4,3,4,3,4,3,3,3,3,3,3,3,4,3,4,4,4,4,4,4,4,3,4,3,4,4,4,4,4,3,4,3,3,3,4,4,3,4,3,3,3,3,3,4,4,3,3,4,4,3,3,3,4,3,3,4,4,3,4
"solcap_snp_c2_46028",2,1,2,2,3,1,1,2,2,2,3,2,1,1,1,1,2,2,1,1,1,2,2,0,1,2,3,3,3,0,0,3,2,1,1,1,2,2,2,2,2,1,0,9,1,2,2,3,2,2,0,3,2,3,1,1,1,2,2,1,2,1,1,2,0,1,2,1,2,2,1,9,1,9,2,3,2,2,2,1,2,1,1,1,1,2,1,2,2,9,9,1,2,2,1,1,1,9,1,0,1,9,2,9,2,1,1,2,1,2,1,1,1,2,0,2,2,9,2,1,2,1,2,2,1,2,2,3,1,9,1,2,1,1,1,2,0,3,2,2,2,1,2,2,1,1,2,1,1,0,1,1,2,2,2,1,0,1,1,1,1,2
"solcap_snp_c2_46029",4,3,4,3,4,3,3,4,4,4,3,4,3,4,3,4,4,4,3,3,4,4,3,3,3,3,4,4,4,3,3,3,3,3,3,4,3,3,3,3,4,4,3,4,4,4,4,3,3,3,4,4,3,4,3,3,3,4,3,3,4,3,4,4,3,3,3,4,4,3,4,4,4,4,4,3,4,4,3,3,3,4,4,4,4,4,4,4,4,3,3,4,4,4,4,4,3,4,4,4,4,3,4,3,4,3,4,3,3,3,4,3,4,4,3,3,4,4,3,3,3,3,3,3,3,3,4,4,3,3,4,3,3,3,3,4,4,4,4,4,4,4,3,4,3,4,4,4,4,3,4,3,4,3,4,3,4,3,3,4,3,3
"solcap_snp_c2_4385",1,1,0,0,1,2,1,2,0,1,0,0,1,1,1,1,1,0,1,2,1,1,1,1,1,0,0,0,1,1,2,0,1,2,0,2,0,1,0,0,1,2,1,1,1,1,1,0,0,0,2,0,0,1,0,9,2,1,0,1,1,0,2,2,1,1,0,2,1,0,1,1,2,2,0,0,1,2,1,0,0,2,2,2,1,1,1,1,0,0,0,1,1,9,1,1,2,9,1,2,1,0,0,0,2,1,2,0,2,1,1,1,1,2,1,0,2,1,0,0,1,1,0,0,2,1,2,1,0,0,1,0,1,1,1,2,2,1,1,1,1,2,1,2,2,2,0,1,2,2,1,0,2,1,2,1,2,2,1,1,2,0
"solcap_snp_c2_4383",3,2,2,2,4,3,2,4,2,3,3,2,2,2,2,2,3,2,2,3,2,3,3,1,2,2,3,3,4,1,2,3,3,3,1,3,9,3,2,2,3,3,1,3,2,3,3,3,2,2,2,3,2,4,1,2,9,3,2,2,3,1,3,3,1,2,2,3,3,2,2,4,3,3,2,3,3,4,3,1,2,3,9,3,2,3,2,3,2,2,9,2,2,3,2,2,3,4,2,2,2,3,2,2,4,2,3,2,3,3,2,2,2,4,1,2,4,2,2,1,3,9,2,2,3,3,4,4,1,9,2,2,2,2,2,4,2,4,3,3,3,3,3,4,3,3,2,2,3,2,2,1,4,3,4,2,2,3,2,2,3,2
"solcap_snp_c2_4387",3,4,3,3,4,4,4,4,3,3,4,9,3,3,4,3,3,3,4,4,3,3,4,3,4,3,4,4,4,3,3,4,4,4,3,4,3,4,3,3,3,4,3,4,3,4,3,4,3,3,3,4,3,4,3,3,3,4,3,3,3,3,4,3,3,4,3,4,4,3,3,4,3,3,3,4,3,4,4,3,3,3,4,4,3,3,3,4,3,3,3,3,3,4,3,3,4,4,3,3,3,4,3,3,4,3,4,3,4,4,3,4,3,4,3,3,4,3,3,3,4,3,3,4,4,4,4,4,3,3,3,3,4,3,4,4,3,4,4,4,3,3,4,4,4,4,3,3,4,3,3,3,4,4,4,3,3,4,3,3,4,3
"solcap_snp_c2_33626",3,2,2,2,4,3,2,4,2,3,3,2,2,2,2,2,3,2,2,3,2,2,3,1,2,2,3,3,4,1,2,3,3,3,1,3,2,3,2,2,3,3,1,3,2,3,3,3,2,2,2,3,2,4,1,2,9,3,2,2,3,1,3,3,1,2,2,3,3,2,2,4,3,3,2,3,3,4,3,1,2,3,3,3,2,3,2,3,2,2,1,2,2,3,2,2,3,4,2,2,2,3,2,2,4,2,3,2,3,3,2,2,2,4,1,2,4,2,2,1,3,2,2,2,3,3,4,4,1,9,2,2,2,2,2,4,2,4,3,3,3,3,3,4,3,3,2,2,3,2,2,1,4,3,4,2,2,3,2,2,3,2
"solcap_snp_c2_33627",1,2,3,2,0,1,2,0,2,1,1,2,2,2,2,2,1,2,2,1,2,2,1,3,2,2,1,1,0,3,2,1,1,1,3,1,2,1,2,2,1,1,3,1,2,1,1,1,2,2,2,1,2,0,3,2,2,1,2,2,1,3,1,1,3,2,2,1,1,2,2,0,1,9,2,1,1,0,1,3,2,1,1,1,2,1,2,1,2,2,2,2,2,1,2,2,1,0,2,2,2,1,2,2,0,2,1,2,1,1,2,2,2,0,3,2,0,2,2,3,1,2,2,2,1,1,0,0,3,3,2,2,2,2,2,0,2,0,1,1,1,1,1,0,1,1,2,2,1,2,2,3,0,1,0,2,2,1,2,2,1,2
"solcap_snp_c1_9490",3,3,2,3,4,4,3,4,2,3,4,2,3,2,4,2,3,2,3,4,2,2,4,2,3,3,3,3,4,2,3,4,4,4,2,3,3,4,3,3,3,3,2,3,2,3,3,4,3,3,2,3,3,4,2,3,3,3,3,3,3,2,3,3,2,3,3,3,3,3,2,4,3,3,2,4,3,4,4,2,3,3,3,3,2,3,2,3,2,3,2,2,2,3,2,2,4,4,2,2,2,4,2,3,4,3,3,3,4,4,2,3,2,4,2,3,4,2,3,2,4,2,3,3,4,4,4,4,2,2,2,3,3,3,3,4,2,4,3,3,2,3,4,4,4,3,2,2,3,3,2,2,4,4,4,3,2,4,3,2,4,3
"solcap_snp_c2_31383",1,2,3,2,0,1,2,0,2,1,2,2,2,2,2,2,1,2,2,1,2,2,1,3,2,2,1,1,0,3,2,1,1,1,3,1,2,1,2,2,1,1,3,1,2,1,1,9,2,2,2,1,2,0,3,2,2,1,2,2,1,3,1,1,3,2,2,1,1,2,2,0,1,1,2,1,1,0,1,3,2,1,1,1,2,1,2,1,2,2,2,2,9,1,2,9,1,0,2,2,2,1,2,9,0,2,1,2,1,1,2,2,2,0,3,2,0,2,2,3,1,2,2,2,1,1,0,0,3,3,2,2,2,2,2,0,2,0,1,1,2,1,1,0,1,1,2,2,1,2,2,3,0,1,0,2,2,1,2,2,1,2
"solcap_snp_c1_449",0,1,9,0,0,0,1,0,1,0,1,9,0,1,1,1,0,1,1,0,1,1,0,1,1,0,1,1,0,1,0,0,0,0,1,1,0,0,0,0,0,1,1,1,1,1,0,0,0,0,1,1,0,0,1,1,0,1,0,0,0,1,1,0,1,1,0,1,1,0,1,0,0,0,1,0,0,0,0,1,0,0,1,1,1,0,1,1,1,0,1,1,1,1,1,1,0,0,1,1,1,0,1,0,0,0,1,0,0,0,1,1,1,0,1,0,0,1,0,1,0,1,0,1,0,0,0,0,1,1,1,0,1,0,1,0,1,0,1,1,1,0,0,0,0,1,1,1,1,0,1,1,0,0,0,0,1,0,0,1,0,0
"solcap_snp_c2_1915",1,2,3,2,0,1,2,0,2,9,2,1,1,2,2,2,9,2,2,1,2,2,1,3,2,2,1,1,0,3,2,1,1,1,3,1,9,1,2,2,1,1,3,1,2,1,1,1,2,2,2,1,2,0,3,2,2,1,2,2,1,3,1,1,3,2,2,1,1,2,2,0,1,2,2,1,1,0,1,3,2,1,1,1,2,1,2,1,2,2,2,2,2,1,2,2,1,0,2,2,2,1,2,2,0,2,1,2,1,1,2,2,2,0,3,2,0,2,2,3,1,2,2,2,1,1,0,0,3,3,2,2,2,2,2,0,2,0,1,1,2,1,1,0,1,1,2,2,1,2,2,3,0,1,0,2,2,1,2,2,1,2
"solcap_snp_c2_53556",0,1,9,0,0,0,1,0,1,0,1,1,0,9,1,1,0,1,1,0,1,1,0,9,1,0,1,1,0,9,0,0,0,0,1,1,0,0,0,0,0,1,9,1,1,1,0,0,0,0,9,1,0,0,1,9,0,1,0,0,0,1,1,0,9,1,0,1,1,0,1,0,0,0,1,0,0,0,0,1,0,0,1,1,9,0,1,1,1,0,1,1,1,1,1,1,0,0,9,9,1,0,1,0,0,0,1,0,0,0,9,9,9,0,9,0,0,9,0,1,0,1,0,1,0,0,0,0,1,9,1,0,1,0,1,0,9,0,1,1,9,0,0,0,0,1,1,1,1,0,1,9,0,0,0,0,9,0,0,1,0,0
"solcap_snp_c2_58373",1,0,0,0,0,1,1,1,0,0,0,0,0,1,1,0,0,0,1,1,0,0,0,1,1,0,0,0,0,1,1,0,1,1,0,1,0,1,0,0,0,1,1,1,0,1,0,0,0,0,1,0,0,0,0,0,1,1,0,0,0,0,1,1,1,1,0,1,1,0,0,0,1,1,0,0,0,1,1,0,0,1,1,1,1,0,0,1,0,0,0,0,0,1,0,0,1,1,1,1,0,0,0,0,1,0,1,0,1,1,1,1,1,1,1,0,1,0,0,0,0,0,0,0,1,0,1,0,0,0,0,0,1,0,1,1,1,0,0,1,0,1,1,1,1,1,0,0,1,1,0,0,1,1,1,0,1,1,0,0,1,0
"solcap_snp_c1_8210",2,0,2,1,0,1,1,1,1,1,0,1,1,2,1,1,1,1,1,1,1,1,0,2,1,1,0,0,0,2,2,0,1,1,1,1,1,1,1,1,1,1,2,1,1,1,1,0,1,1,2,0,1,0,1,1,2,1,1,1,1,1,1,2,2,1,1,1,1,1,1,0,2,2,1,0,1,1,1,1,1,2,1,1,2,1,1,1,1,1,1,1,1,1,1,1,1,1,2,2,1,0,1,1,1,1,1,1,1,1,2,1,2,1,2,1,1,1,1,1,0,1,1,0,1,0,1,0,1,1,1,1,1,1,1,1,2,0,0,1,1,2,1,1,1,1,1,1,1,2,1,1,1,1,1,1,2,1,1,1,1,1
"solcap_snp_c2_26516",2,2,3,2,0,2,3,1,2,1,2,2,2,3,3,2,1,2,3,2,2,2,9,4,3,2,1,1,0,4,3,9,2,2,3,9,2,2,2,2,1,2,4,2,2,2,1,9,2,2,3,9,2,0,3,3,9,2,2,2,1,3,2,2,4,3,2,2,2,2,2,0,2,2,2,9,1,1,2,3,2,2,2,2,3,1,2,2,2,2,2,2,2,2,2,2,2,1,3,3,2,1,2,9,9,2,2,2,2,2,3,3,3,1,4,2,1,2,2,3,1,2,2,2,2,1,1,0,3,3,2,2,3,2,3,9,3,0,1,2,2,2,9,9,2,2,2,2,2,3,2,3,1,2,1,2,3,2,2,2,2,2
"solcap_snp_c2_26515",3,4,4,4,4,3,3,3,4,4,4,9,4,3,3,4,4,4,3,3,4,4,4,3,3,4,4,4,4,3,3,4,3,3,4,3,4,3,4,4,4,3,3,3,4,3,4,4,4,4,3,4,4,4,4,4,3,3,4,4,4,4,3,3,3,3,4,3,3,4,4,4,3,3,4,4,4,3,3,4,4,3,3,3,3,4,4,3,4,4,4,4,4,3,4,4,3,3,3,3,4,4,4,4,3,4,3,4,3,3,3,3,3,3,3,4,3,4,4,4,4,4,4,4,3,4,3,4,4,4,4,4,3,4,3,3,3,4,4,3,4,3,3,3,3,3,4,4,3,3,4,4,3,3,3,4,3,3,4,4,3,4
"solcap_snp_c2_26509",2,2,2,2,4,2,1,3,2,3,2,2,2,1,1,2,3,2,1,2,2,2,3,0,1,2,3,3,4,0,1,3,2,2,1,2,2,2,2,2,3,2,0,2,2,2,3,3,2,2,1,3,2,4,1,1,2,2,2,2,3,1,2,2,0,1,2,2,2,2,2,4,2,2,2,3,3,3,2,1,2,2,2,2,1,3,2,2,2,2,1,2,2,2,2,2,2,3,1,1,2,3,2,2,3,2,2,2,2,2,1,1,1,3,0,2,3,2,2,1,3,2,2,2,2,3,3,4,1,9,2,2,1,2,1,3,1,4,3,2,2,2,2,3,2,2,2,2,2,1,2,1,3,2,3,2,1,2,2,2,2,2
"solcap_snp_c2_44951",3,4,3,3,4,4,4,4,3,3,4,3,9,3,4,3,3,3,4,4,3,3,4,3,4,3,4,4,4,3,3,4,4,4,3,4,3,4,3,3,3,4,3,4,3,4,3,4,3,3,3,4,3,4,3,3,3,4,3,3,3,3,4,3,3,4,3,4,4,3,3,4,3,3,3,4,3,4,4,3,3,3,4,4,3,3,3,4,3,3,3,3,3,4,3,3,4,4,3,3,3,4,3,3,4,3,4,3,4,4,3,4,3,4,3,3,4,3,3,3,4,3,3,4,4,4,4,4,3,3,3,3,4,3,4,4,3,4,4,4,3,3,4,4,4,4,3,3,4,3,3,3,4,4,4,3,3,4,3,3,4,3
"solcap_snp_c2_19536",1,2,3,2,0,1,2,0,2,1,2,2,2,2,2,2,1,2,2,1,2,2,1,3,2,2,1,1,0,3,2,1,1,1,3,1,2,1,2,2,1,1,3,1,2,1,1,1,2,2,2,1,2,0,3,3,2,1,2,2,1,3,1,1,3,2,2,1,1,2,2,0,1,2,2,1,1,0,1,3,2,1,1,1,2,9,2,1,2,2,2,2,2,1,2,2,1,0,2,2,2,1,2,2,0,2,1,2,1,1,2,2,2,0,3,2,0,2,2,3,1,2,2,2,1,1,0,0,3,3,2,2,2,2,2,0,2,0,1,1,2,1,1,0,1,1,2,2,1,2,2,3,0,1,0,2,2,1,2,2,1,2
"solcap_snp_c2_19537",3,2,2,2,4,3,2,4,2,3,2,9,2,2,2,2,3,2,2,3,2,2,3,1,2,2,3,3,4,1,2,3,3,3,1,3,9,3,2,2,3,3,1,3,2,3,3,3,2,2,2,3,2,4,1,1,9,3,2,2,3,1,3,3,1,2,2,3,3,2,2,4,3,3,2,3,3,4,3,1,2,3,9,9,2,3,2,3,2,2,9,2,2,3,2,2,3,4,2,2,2,9,2,2,4,2,3,2,3,3,2,2,2,4,1,2,4,2,2,1,3,9,2,2,3,3,4,4,1,9,2,2,2,2,2,4,2,4,3,3,2,3,3,4,3,3,2,2,3,2,2,1,4,3,4,9,2,3,2,2,3,2
"solcap_snp_c2_37406",1,2,3,2,0,1,2,0,2,1,2,2,2,2,2,2,1,2,2,1,2,2,1,3,2,2,1,1,0,3,2,1,1,1,3,1,2,1,2,2,1,1,3,1,2,1,1,1,2,2,2,1,2,0,3,3,2,1,2,2,1,3,1,1,3,2,2,1,1,2,2,0,1,1,2,1,1,0,1,3,2,1,1,1,2,1,2,1,2,2,2,2,2,1,2,2,1,0,2,2,2,1,2,2,0,2,1,2,1,1,2,2,2,0,3,2,0,2,2,3,1,2,2,2,1,1,0,0,3,3,2,2,2,2,2,0,2,0,1,1,2,1,1,0,1,1,2,2,1,2,2,3,0,1,0,2,2,1,2,2,1,2
"solcap_snp_c1_958",3,2,2,2,4,3,2,4,2,3,2,2,2,2,2,2,3,2,2,3,2,2,3,1,2,2,3,3,4,1,2,3,3,3,1,3,2,3,2,2,3,3,1,3,2,3,3,3,2,2,2,3,2,4,1,1,9,3,2,2,3,1,3,3,1,2,2,3,3,2,2,4,3,3,2,3,3,4,3,1,2,3,9,9,2,3,2,3,2,2,9,2,9,3,2,2,3,4,2,2,2,9,2,2,4,2,3,2,3,3,2,2,2,4,1,2,4,2,2,1,3,9,2,2,3,3,4,4,1,9,2,2,2,2,2,4,2,4,3,3,2,3,3,4,3,3,2,2,3,2,2,9,4,3,4,2,2,3,2,2,3,2
"solcap_snp_c2_16315",3,4,4,4,4,3,3,3,4,4,4,4,4,3,3,4,4,4,3,4,4,4,4,3,3,4,4,4,4,3,3,4,3,3,4,3,4,3,4,4,4,3,3,3,4,3,4,4,4,4,3,4,4,4,4,4,3,3,4,4,4,4,3,3,3,3,4,3,3,4,4,4,3,3,4,4,4,3,3,4,4,3,3,3,3,4,4,3,4,4,4,4,4,3,4,4,3,3,3,3,4,4,4,4,3,4,3,4,3,3,3,3,3,3,3,4,3,4,4,4,4,4,4,4,3,4,3,4,4,4,4,4,3,4,3,3,3,4,4,3,3,3,3,3,3,3,4,4,3,3,4,4,3,3,3,4,3,3,4,4,3,4
"solcap_snp_c2_22761",0,2,2,1,0,1,1,0,1,0,2,1,1,1,2,1,0,1,2,1,1,1,9,2,2,1,1,1,0,2,1,1,1,1,2,1,9,1,1,1,0,1,2,1,1,1,1,1,1,9,1,1,1,0,2,2,1,1,1,1,0,2,1,0,1,9,1,1,1,1,1,0,0,0,9,9,0,0,1,2,1,0,1,1,1,0,1,1,1,1,9,9,1,1,1,1,1,0,1,1,1,1,1,1,0,1,0,1,1,1,1,2,1,0,2,1,0,1,1,2,1,9,1,2,1,1,0,0,2,2,1,1,1,1,9,0,1,0,1,1,1,0,1,0,1,1,1,1,1,1,1,2,0,1,0,1,1,1,1,1,1,9
"solcap_snp_c1_16394",1,0,0,0,0,1,1,1,0,0,0,0,0,1,1,0,0,0,1,1,0,0,0,1,1,0,0,0,0,1,1,0,1,1,0,1,0,1,0,0,0,1,1,1,0,1,0,0,0,0,1,0,0,0,0,0,1,1,0,0,0,0,1,1,1,1,0,1,1,0,0,0,1,1,0,0,0,1,1,0,0,1,1,1,1,0,0,1,0,0,0,0,0,1,0,0,1,1,1,1,0,0,0,0,1,0,1,0,1,1,1,1,1,1,1,0,1,0,0,0,0,0,0,0,1,0,1,0,0,0,0,0,1,0,1,1,1,0,0,1,1,1,1,1,1,1,0,0,1,1,0,0,1,1,1,0,1,1,0,0,1,0
"solcap_snp_c2_22758",2,2,2,2,4,2,2,3,2,3,2,2,2,1,1,2,3,2,1,2,2,2,3,0,1,2,3,3,4,0,1,3,2,2,1,2,2,2,2,2,3,2,0,2,2,2,3,3,2,2,1,3,2,4,1,1,2,2,2,2,3,1,2,9,0,1,2,2,2,2,2,4,2,2,2,3,3,3,2,1,2,2,2,2,1,3,2,2,2,2,9,2,9,2,2,2,2,9,1,1,2,3,2,2,3,2,2,2,2,2,1,9,1,3,0,2,3,2,2,1,3,2,2,2,2,3,3,4,1,9,2,2,1,2,1,3,1,4,3,2,2,2,2,3,2,2,2,2,2,1,2,1,3,2,3,2,1,2,2,2,2,2
"solcap_snp_c2_1483",3,3,2,3,4,4,3,4,2,3,3,2,3,2,3,2,3,2,3,4,2,2,4,2,3,3,3,3,4,2,3,4,4,4,2,3,3,4,3,3,3,3,2,3,2,3,3,4,3,3,2,3,3,4,2,2,3,3,3,3,3,2,3,3,2,3,3,3,3,3,2,4,3,3,2,4,3,4,4,2,3,3,3,3,2,3,2,3,2,3,2,2,2,3,2,2,4,4,2,2,2,4,2,3,4,3,3,3,4,4,2,3,2,4,2,3,4,2,3,2,4,2,3,3,4,4,4,4,2,9,2,3,3,3,3,4,2,4,3,3,2,3,4,4,4,3,2,2,3,3,2,2,4,4,4,3,2,4,3,2,4,3
"solcap_snp_c2_1485",3,2,2,2,4,3,2,4,2,3,2,2,2,2,2,2,3,2,2,3,2,2,3,1,2,2,3,3,4,1,2,3,3,3,1,3,2,3,2,2,3,3,1,3,2,3,3,3,2,2,2,3,2,4,1,1,2,3,2,2,3,1,3,3,1,2,2,3,3,2,2,4,3,3,2,3,3,4,3,1,2,3,3,3,2,3,2,3,2,2,9,2,2,3,2,2,3,4,2,2,2,3,2,2,4,2,3,2,3,3,2,2,2,4,1,2,4,2,2,1,3,2,2,2,3,3,4,4,1,1,2,2,2,2,2,4,2,4,3,3,2,3,3,4,3,3,2,2,3,2,2,1,4,3,4,2,2,3,2,2,3,2
"solcap_snp_c2_1486",0,1,1,0,0,0,1,0,1,0,1,1,0,1,1,1,0,1,1,0,1,1,0,1,1,0,1,1,0,1,0,0,0,0,1,1,0,0,0,0,0,1,1,1,1,1,0,0,0,0,1,1,0,0,1,1,0,1,0,0,0,1,1,0,1,1,0,1,1,0,1,0,0,0,1,0,0,0,0,1,0,0,1,1,1,0,1,1,1,0,1,1,1,1,1,1,0,0,1,1,1,0,1,0,0,0,1,0,0,0,1,1,1,0,1,0,0,1,0,1,0,1,0,1,0,0,0,0,1,1,1,0,1,0,1,0,1,0,1,1,1,0,0,0,0,1,1,1,1,0,1,1,0,0,0,0,1,0,0,1,0,0
"solcap_snp_c2_1493",4,3,3,4,4,4,3,4,3,4,3,9,9,3,3,3,4,3,3,4,3,3,4,3,3,4,3,3,4,3,4,4,4,4,3,3,4,4,4,4,4,3,3,3,3,3,4,4,4,4,3,3,4,4,3,3,4,3,4,4,4,3,3,4,3,3,4,3,3,4,3,4,4,4,3,4,4,4,4,3,4,4,3,3,3,4,3,3,3,4,3,3,3,3,3,3,4,4,3,3,3,4,3,4,4,4,3,4,4,4,3,3,3,4,3,4,4,3,4,3,4,3,4,3,4,4,4,4,3,3,3,4,3,4,3,4,3,4,3,3,3,4,4,4,4,3,3,3,3,4,3,3,4,4,4,4,3,4,4,3,4,4
"solcap_snp_c1_216",0,2,2,1,0,1,2,0,1,0,2,1,1,1,2,1,0,1,2,1,1,1,9,2,2,1,1,1,0,2,1,1,1,1,2,1,9,1,1,1,0,1,2,1,1,1,0,1,1,1,1,1,1,0,2,2,1,1,1,1,0,2,1,0,2,2,1,1,1,1,1,0,0,0,1,1,0,0,1,2,1,0,1,1,1,0,1,1,1,1,1,1,1,1,1,1,1,0,1,1,1,1,1,1,0,1,1,1,1,1,1,2,1,0,2,1,0,1,1,2,1,1,1,2,1,1,0,0,2,2,1,1,2,1,2,0,1,0,1,1,1,0,1,0,1,1,1,1,1,1,1,2,0,1,0,9,1,1,1,1,1,9
"solcap_snp_c2_689",1,0,9,1,0,0,0,0,1,1,0,1,1,1,0,1,1,1,0,0,1,1,0,1,0,1,0,0,0,1,1,0,0,0,1,0,9,0,1,1,1,0,1,0,1,0,1,0,1,1,1,0,1,0,1,1,1,0,1,1,1,1,0,1,1,0,1,0,0,1,1,0,1,9,9,0,1,0,0,1,1,1,0,0,1,1,1,0,1,1,1,1,1,0,1,1,0,0,1,1,1,0,1,1,0,1,0,1,0,0,1,0,1,0,1,1,0,1,1,1,0,1,1,0,0,0,0,0,1,9,1,1,0,1,0,0,1,0,0,0,1,1,0,0,0,0,1,1,0,1,1,1,0,0,0,1,1,0,1,1,0,1
"solcap_snp_c2_58249",3,2,2,2,4,3,2,4,2,3,2,2,2,2,2,2,3,2,2,3,2,2,3,1,2,2,3,3,4,1,2,3,3,3,1,3,9,3,2,2,3,3,1,3,2,3,3,3,2,2,2,3,2,4,1,1,9,3,2,2,3,1,3,3,1,2,2,3,3,2,2,4,3,3,2,3,3,4,3,1,2,3,3,9,2,3,2,3,2,2,9,2,9,3,2,2,3,4,2,2,2,9,2,2,4,2,3,2,3,3,2,2,2,4,1,2,4,2,2,1,3,9,2,2,3,3,4,4,1,9,2,2,2,2,2,4,2,4,3,3,2,3,3,4,3,3,2,2,3,2,2,1,4,3,4,9,2,3,2,2,3,2
"solcap_snp_c2_20473",2,0,2,1,0,1,1,1,1,1,0,1,1,2,1,1,1,1,1,1,1,1,0,2,1,1,0,0,0,2,2,0,1,1,1,1,1,1,1,1,1,1,2,1,1,1,1,0,1,1,2,0,1,0,1,1,2,1,1,1,1,1,1,2,2,1,1,1,1,1,1,0,2,2,1,0,1,1,1,1,1,2,1,1,2,1,1,1,1,1,1,1,1,1,1,1,1,1,2,2,1,0,1,1,1,1,1,1,1,1,2,1,2,1,2,1,1,1,1,1,0,1,1,0,1,0,1,0,1,1,1,1,1,1,1,9,2,0,0,1,1,2,1,1,1,1,1,1,1,2,1,1,1,1,1,1,2,1,1,1,1,1
"solcap_snp_c2_56168",1,0,0,0,0,1,1,1,0,0,0,0,0,1,1,0,0,0,1,0,0,0,0,1,1,0,0,0,0,1,1,0,1,1,0,1,0,1,0,0,0,1,1,1,0,1,0,0,0,0,1,0,0,0,0,0,1,1,0,0,0,0,1,1,1,1,0,1,1,0,0,0,1,1,0,0,0,1,1,0,0,1,1,1,1,0,0,1,0,0,0,0,0,1,0,0,1,1,1,1,0,0,0,0,1,0,1,0,1,1,1,1,1,1,1,0,1,0,0,0,0,0,0,0,1,0,1,0,0,0,0,0,1,0,1,1,1,0,0,1,1,1,1,1,1,1,0,0,1,1,0,0,1,1,1,0,1,1,0,0,1,0
"solcap_snp_c2_20464",3,3,3,3,2,3,2,2,3,3,3,2,2,3,4,4,2,2,4,4,3,4,3,4,3,2,2,2,2,4,3,2,3,3,3,4,3,3,3,2,3,4,4,3,3,3,3,9,3,2,4,2,2,2,3,4,4,3,2,3,2,4,3,3,3,4,2,3,2,3,4,3,3,3,2,2,3,2,4,4,3,3,4,4,3,2,4,3,2,2,3,3,3,9,4,9,3,2,3,4,4,2,3,2,2,4,2,2,3,3,3,4,3,3,4,3,2,3,3,3,3,4,3,3,4,3,2,2,3,4,4,2,3,3,3,9,4,2,3,3,4,3,3,2,4,3,2,3,4,4,3,4,2,3,3,3,4,4,3,4,4,2
"solcap_snp_c2_20481",0,1,0,0,1,1,1,1,0,1,0,0,9,0,0,1,1,0,0,1,1,1,1,0,0,0,0,0,1,0,0,0,0,1,0,1,0,1,0,0,1,1,0,0,1,0,1,0,0,0,1,0,0,1,0,0,1,0,0,1,1,0,1,1,0,0,0,1,0,0,1,1,1,1,0,0,1,1,1,0,0,1,1,1,0,1,1,0,0,0,0,1,1,1,1,1,1,1,0,1,1,0,0,0,1,1,1,0,1,0,0,0,0,1,0,0,1,1,1,0,0,1,0,0,1,1,1,0,0,0,1,0,1,1,0,1,1,1,1,0,1,1,0,1,1,1,0,1,1,1,1,0,1,0,1,1,1,1,1,1,1,0
"solcap_snp_c2_20479",4,3,4,4,3,3,3,3,4,3,4,4,3,4,4,3,3,4,4,3,3,3,3,4,4,4,4,4,3,4,4,4,4,3,4,3,4,3,4,4,3,3,4,4,3,4,3,4,4,4,3,4,4,3,4,4,3,4,4,3,3,4,3,3,4,4,4,3,4,4,3,3,3,3,4,4,3,3,3,4,4,3,3,3,4,3,3,4,4,4,4,3,3,3,3,3,3,3,4,3,3,4,4,4,3,3,3,4,3,4,4,4,4,3,4,4,3,3,3,4,4,3,4,4,3,3,3,4,4,4,3,4,3,3,4,3,3,3,3,4,3,3,4,3,3,3,4,3,3,3,3,4,3,4,3,3,3,3,3,3,3,4
"solcap_snp_c1_8013",3,3,3,3,2,3,2,2,3,3,3,2,3,3,4,4,2,2,4,4,3,4,3,4,3,2,2,2,9,4,3,2,3,3,3,4,3,3,3,2,3,4,4,2,3,3,3,2,3,2,4,2,2,3,3,4,4,3,2,3,2,4,3,3,3,4,2,3,2,3,4,2,3,3,2,2,3,2,4,4,3,3,4,4,3,2,4,3,2,2,2,3,3,2,4,3,3,9,3,4,4,9,4,9,2,4,2,2,3,3,3,4,3,3,4,3,2,3,3,3,2,4,3,3,4,3,9,9,2,4,4,2,3,3,3,2,4,3,2,3,4,3,3,2,4,3,2,3,4,4,3,4,2,3,3,3,4,4,3,4,4,2
"solcap_snp_c2_27666",3,0,2,2,1,1,1,1,2,2,1,1,1,2,2,2,1,1,2,2,1,2,1,2,1,1,1,1,1,2,2,1,2,1,1,2,2,2,2,1,2,2,2,2,1,2,1,1,2,1,2,1,1,1,1,2,2,2,1,1,1,2,1,2,2,2,1,1,1,2,2,1,2,2,1,1,2,1,2,2,2,2,2,2,2,1,2,2,1,1,1,1,9,1,2,1,1,1,2,2,2,1,2,1,1,2,1,1,1,2,2,2,2,2,2,2,1,1,2,1,1,9,2,1,2,1,1,1,1,2,2,1,1,1,1,9,2,1,1,2,2,2,2,1,2,1,1,1,2,2,1,2,1,2,2,1,2,2,1,2,2,1
"solcap_snp_c2_27644",3,3,3,3,2,3,3,2,3,3,3,2,3,3,4,4,2,2,4,4,3,4,3,4,3,2,2,2,2,4,3,2,3,3,3,4,3,3,3,2,3,4,4,9,3,3,3,2,3,2,4,2,2,3,3,4,4,3,2,3,2,4,3,3,3,4,2,3,2,3,4,9,3,3,9,2,3,2,4,4,3,3,4,4,3,2,4,3,2,2,2,3,3,2,4,3,3,2,3,4,4,2,4,2,2,4,2,2,3,3,3,4,3,3,4,3,2,3,3,3,2,4,3,3,4,3,2,2,2,4,4,2,3,3,2,2,4,3,2,3,4,3,3,3,4,3,2,3,4,4,3,4,2,3,3,3,4,4,3,3,4,2
"solcap_snp_c2_27652",3,2,3,2,2,3,3,2,3,3,2,2,2,3,3,4,2,2,4,3,3,4,2,3,2,1,2,2,9,3,2,1,2,2,2,4,2,3,2,1,3,4,3,9,3,3,2,9,2,1,4,2,1,3,2,3,3,3,1,2,2,3,3,3,3,4,1,3,2,2,4,3,3,3,2,1,3,2,3,3,2,3,4,4,3,2,4,3,2,1,1,3,3,2,4,3,2,2,3,4,4,1,4,1,2,3,2,1,2,2,3,3,3,3,4,2,2,3,3,2,1,3,2,2,3,2,2,2,1,3,4,1,2,2,2,2,4,3,2,3,4,3,2,3,3,3,2,3,4,3,3,3,2,2,3,2,4,3,2,3,3,1
"solcap_snp_c2_12770",1,2,2,2,2,1,1,2,1,1,2,2,2,1,1,0,2,2,0,1,1,0,2,1,2,3,2,2,2,1,2,3,2,2,2,0,2,1,2,3,1,0,1,2,1,1,2,3,2,3,0,2,3,1,2,1,1,1,3,2,2,1,1,1,1,0,3,1,2,2,0,1,1,9,2,3,1,2,1,1,2,1,0,0,1,2,0,1,2,3,2,1,1,2,0,1,2,9,1,0,0,3,0,3,2,1,2,3,2,2,1,1,1,1,0,2,2,1,1,2,3,1,2,2,1,2,2,2,3,9,0,3,2,2,2,2,0,1,2,1,0,1,2,1,1,1,2,1,0,1,1,1,2,2,1,2,0,1,2,1,1,3
"solcap_snp_c2_12761",0,2,2,0,1,2,1,1,2,1,1,1,1,1,1,2,1,1,2,1,2,2,1,1,1,0,1,1,1,1,0,0,0,1,1,2,0,1,0,0,1,2,1,1,2,1,1,1,0,0,2,1,0,2,1,1,1,1,0,1,1,1,2,1,1,2,0,2,1,0,2,1,1,1,1,0,1,1,1,1,0,1,2,2,1,1,2,1,1,0,1,2,2,1,2,2,2,1,1,2,2,0,2,0,1,1,1,0,1,0,1,1,1,1,2,0,1,2,1,1,0,9,0,1,1,1,1,1,0,9,2,0,1,1,1,1,2,2,1,1,2,1,0,2,1,2,1,2,2,1,2,1,1,0,1,1,2,1,1,1,1,0
"solcap_snp_c1_4077",0,1,9,1,1,0,1,1,0,1,0,1,0,1,0,0,1,1,0,0,0,0,0,0,0,1,1,1,9,0,1,1,1,0,0,0,1,1,1,1,1,0,0,1,0,1,0,9,1,1,0,1,1,0,0,0,0,1,1,0,1,0,0,1,1,0,1,0,1,1,0,9,1,1,1,9,1,1,0,0,1,1,0,0,1,1,0,1,1,1,1,0,1,1,0,0,0,1,1,0,0,1,0,1,9,0,1,1,1,1,1,0,1,1,0,1,1,0,1,0,1,0,1,0,0,0,1,1,1,0,0,1,0,0,1,9,0,0,1,1,0,1,9,0,0,0,1,0,0,0,0,0,1,1,1,0,0,0,0,1,0,1
"solcap_snp_c1_4078",1,0,0,0,1,1,0,1,0,0,1,1,1,0,0,0,1,1,0,0,1,0,1,0,1,1,1,1,1,0,0,1,0,1,1,0,0,0,0,1,0,0,0,1,1,0,1,1,0,1,0,1,1,1,1,0,0,0,1,1,1,0,1,0,0,0,1,1,1,0,0,0,0,0,1,1,0,1,0,0,0,0,0,0,0,1,0,0,1,1,1,1,0,1,0,1,1,1,0,0,0,1,0,1,1,0,1,1,1,0,0,0,0,0,0,0,1,1,0,1,1,0,0,1,0,1,1,1,1,0,0,1,1,1,1,1,0,1,1,0,0,0,0,1,0,1,1,1,0,0,1,0,1,0,0,1,0,0,1,0,0,1
"solcap_snp_c2_12778",4,3,3,3,3,4,3,3,4,3,4,3,4,3,4,4,3,3,4,4,4,4,4,4,4,3,3,3,9,4,3,3,3,4,4,4,3,3,3,3,3,4,4,3,4,3,4,3,3,3,4,3,3,4,4,4,4,3,3,4,3,4,4,3,3,4,3,4,3,3,4,3,3,3,3,3,3,3,4,4,3,3,4,4,3,3,4,3,3,3,3,4,3,3,4,4,4,3,3,4,4,3,4,3,3,4,3,3,3,3,3,4,3,3,4,3,3,4,3,4,3,4,3,4,4,4,3,3,3,4,4,3,4,4,3,3,4,4,3,3,4,3,3,4,4,4,3,4,4,4,4,4,3,3,3,4,4,4,4,3,4,3
"solcap_snp_c2_12779",0,1,1,1,1,0,1,1,0,1,0,1,0,1,0,0,1,1,0,0,0,0,0,0,0,1,1,1,1,0,1,1,1,0,0,0,1,1,1,1,1,0,0,1,0,1,0,1,1,1,0,1,1,0,0,0,0,1,1,0,1,0,0,1,1,0,1,0,1,1,0,1,1,1,1,1,1,1,0,0,1,1,0,0,1,1,0,1,1,1,1,0,1,1,0,0,0,1,1,0,0,1,0,1,1,0,1,1,1,1,1,0,1,1,0,1,1,0,1,0,1,0,1,0,0,0,1,1,1,0,0,1,0,0,1,1,0,0,1,1,0,1,1,0,0,0,1,0,0,0,0,0,1,1,1,0,0,0,0,1,0,1
"solcap_snp_c2_12780",0,2,2,0,1,2,1,1,2,1,1,1,1,1,1,2,1,1,2,1,2,2,1,1,1,0,1,1,1,1,0,0,0,1,1,2,0,1,0,0,1,2,1,1,2,1,1,1,0,0,2,1,0,2,1,1,1,1,0,1,1,1,2,1,1,2,0,2,1,0,2,1,1,1,9,0,1,1,1,1,0,1,9,2,1,1,2,1,1,0,1,2,9,1,2,2,2,1,1,2,2,0,2,0,1,1,1,0,1,0,1,1,1,1,2,0,1,2,1,1,0,9,0,1,1,1,1,1,0,9,2,0,1,1,1,1,2,2,1,1,2,1,0,2,1,2,1,2,2,1,2,1,1,0,1,1,2,1,1,1,1,0
"solcap_snp_c2_12783",4,3,3,3,3,4,3,3,4,3,4,9,4,3,4,4,3,3,4,4,4,4,4,4,4,3,3,3,3,4,3,3,3,4,4,4,3,3,3,3,3,4,4,3,4,3,4,3,3,3,4,3,3,4,4,4,4,3,3,4,3,4,4,3,3,4,3,4,3,3,4,3,3,3,3,3,3,3,4,4,3,3,4,4,3,3,4,3,3,3,3,4,3,3,4,4,4,3,3,4,4,3,4,3,3,4,3,3,3,3,3,4,3,3,4,3,3,4,3,4,3,4,3,4,4,4,3,3,3,4,4,3,4,4,3,3,4,4,3,3,4,3,3,4,4,4,3,4,4,4,4,4,3,3,3,4,4,4,4,3,4,3
"solcap_snp_c2_12785",4,2,3,4,3,2,3,3,2,3,3,3,3,3,3,2,3,3,2,3,2,2,3,3,9,4,3,3,3,3,4,4,4,9,3,2,4,3,4,4,3,2,3,3,2,3,3,3,4,4,2,3,4,2,3,3,3,3,4,3,3,3,2,3,3,2,4,2,3,4,9,3,3,3,3,4,3,3,3,3,4,3,2,2,3,3,2,3,3,4,3,2,3,3,2,2,2,3,3,2,2,4,2,4,3,3,3,4,3,4,3,3,3,3,2,4,3,2,3,3,4,2,4,3,3,3,3,3,4,3,2,4,3,3,3,3,2,2,3,3,2,3,4,2,3,2,3,2,2,3,2,3,3,4,3,3,2,3,3,3,3,4
"solcap_snp_c2_12786",0,2,2,0,1,2,1,1,2,1,1,1,1,1,1,2,1,1,2,1,2,2,1,1,1,0,1,1,1,1,0,0,0,1,1,2,0,1,0,0,1,2,1,1,2,1,1,1,0,0,2,1,0,2,1,1,1,1,0,1,1,1,2,1,1,2,0,2,1,0,2,1,1,1,1,0,1,1,1,1,0,1,2,2,1,1,2,1,1,0,1,2,2,1,2,2,2,1,1,2,2,0,9,0,1,1,1,0,1,0,1,1,1,1,2,0,1,2,1,1,0,9,0,1,1,1,1,1,0,1,2,0,1,1,1,1,2,2,1,1,2,1,0,2,1,2,1,2,2,1,2,1,1,0,1,1,2,1,1,1,1,0
"solcap_snp_c2_12788",2,3,2,1,2,4,2,3,2,1,3,2,1,2,3,2,2,2,3,2,3,2,3,3,4,2,2,2,2,3,2,2,2,4,3,3,1,2,1,2,1,3,3,2,3,2,3,2,1,2,3,2,2,3,3,2,9,2,2,3,2,2,4,2,2,3,2,4,3,1,2,1,2,2,2,2,1,3,3,2,1,2,3,3,2,2,2,2,2,2,2,3,2,3,2,3,4,3,2,3,2,2,2,9,3,2,3,2,3,2,1,3,2,2,3,1,3,3,1,3,2,2,1,3,3,3,3,2,2,2,2,2,4,3,3,3,3,3,2,2,3,2,2,4,3,4,2,3,3,3,3,2,3,1,2,3,3,3,3,1,3,2
"solcap_snp_c2_12789",2,3,2,1,2,4,2,3,2,1,3,2,3,2,3,2,2,2,3,2,3,2,3,3,4,2,2,2,9,3,2,2,2,4,3,3,1,2,1,2,1,3,3,2,3,2,3,2,1,2,3,2,2,3,3,2,9,2,2,3,2,2,4,2,2,3,2,4,3,1,2,1,2,2,2,2,1,3,3,2,1,2,3,3,2,2,2,2,2,2,2,3,2,3,2,3,4,3,2,3,2,2,2,2,3,2,3,2,3,2,1,3,2,2,3,1,3,3,1,3,2,2,1,3,3,3,3,2,2,2,2,2,4,3,3,3,3,3,2,2,3,2,2,4,3,4,2,3,3,3,3,2,3,1,2,3,3,3,3,1,3,2
"solcap_snp_c1_4082",2,1,0,9,1,2,1,2,0,0,2,1,2,1,2,0,1,1,1,1,1,0,2,2,2,2,1,1,1,2,2,2,2,2,2,1,9,1,1,2,0,1,2,2,1,1,2,1,1,2,1,1,2,1,2,1,2,1,2,2,1,1,2,1,1,1,2,9,2,1,0,0,1,9,1,2,0,2,2,1,1,1,1,1,1,1,0,1,1,2,9,1,0,2,0,1,9,9,1,1,0,2,0,2,2,1,2,2,2,2,0,2,1,1,1,1,2,1,0,2,2,1,1,2,2,2,9,1,2,9,0,2,2,2,2,2,1,1,1,1,1,1,2,2,2,9,1,1,1,2,1,1,2,1,1,2,1,2,2,0,9,2
"solcap_snp_c1_4083",2,3,2,1,2,4,2,3,2,1,3,2,3,2,3,2,2,2,3,2,3,2,3,3,4,2,2,2,2,3,2,2,2,4,3,3,1,2,1,2,1,3,3,2,3,2,3,2,1,2,3,2,2,3,3,2,2,2,2,3,2,2,4,2,2,3,2,4,3,1,2,1,2,2,2,2,1,3,3,2,1,2,3,3,2,2,2,2,2,2,2,3,2,3,2,3,4,3,2,3,2,2,2,2,3,2,3,2,3,2,1,3,2,2,3,1,3,3,1,3,2,2,1,3,3,3,3,2,2,2,2,2,4,3,3,3,3,3,2,2,3,2,2,4,3,4,2,3,3,3,3,2,3,1,2,3,3,3,3,1,3,2
"solcap_snp_c1_4084",2,1,3,3,2,0,2,1,2,3,1,2,1,2,1,2,2,2,1,2,1,2,1,1,0,2,2,2,2,9,2,2,2,0,1,1,3,2,3,2,3,1,1,2,1,2,1,9,3,2,1,2,2,1,1,2,2,2,2,1,2,2,0,2,2,1,2,0,1,3,2,3,2,9,9,2,3,1,1,2,3,2,1,1,2,2,2,2,2,2,1,1,2,1,2,1,0,1,2,1,2,2,2,2,1,2,1,2,1,2,3,1,2,2,1,3,1,1,3,1,2,9,3,1,1,1,1,2,2,9,2,2,0,1,1,9,1,1,2,2,9,2,2,0,1,0,2,1,1,1,1,2,1,3,2,1,1,1,1,3,1,2
"solcap_snp_c1_4086",0,1,9,1,1,0,1,1,0,1,0,1,0,1,0,0,1,1,0,0,0,0,0,0,0,1,1,1,1,0,1,1,1,0,0,0,1,1,1,1,1,0,0,1,0,1,0,1,1,1,0,1,1,0,0,0,0,1,1,0,1,0,0,1,1,0,1,0,1,1,0,1,1,1,1,1,1,1,0,0,1,1,0,0,1,1,0,1,1,1,1,0,1,1,0,0,0,1,1,0,0,1,0,1,1,0,1,1,1,1,1,0,1,1,0,1,1,0,1,0,1,0,1,0,0,0,1,1,1,0,0,1,0,0,1,1,0,0,1,1,0,1,1,0,0,0,1,0,0,0,0,0,1,1,1,0,0,0,0,1,0,1
"solcap_snp_c2_12781",1,2,2,1,2,2,1,1,3,2,2,1,1,1,2,3,1,1,3,2,2,3,2,1,1,0,2,2,1,9,0,1,1,1,1,3,9,2,1,0,2,9,1,9,2,2,1,2,1,0,2,2,0,9,1,2,2,2,0,1,1,2,2,2,1,3,0,2,1,1,9,2,1,9,1,1,2,1,2,2,1,1,9,9,1,1,3,2,1,0,1,3,2,1,3,2,2,1,1,2,3,1,3,0,1,2,1,0,1,1,2,2,1,2,2,1,1,2,2,1,1,2,1,2,9,2,1,2,0,9,3,0,1,1,1,9,2,3,2,2,3,9,1,2,2,2,1,2,3,1,2,2,1,1,9,9,2,2,1,2,2,0
"solcap_snp_c2_12782",1,2,2,1,2,2,1,1,3,2,2,1,1,1,2,3,1,1,3,2,2,3,2,1,1,0,2,2,1,1,0,1,1,1,1,3,9,2,1,0,2,3,1,2,2,2,1,2,1,0,2,2,0,3,1,2,2,2,0,1,1,2,2,2,1,3,0,2,1,1,9,9,1,1,1,1,2,1,2,2,1,1,9,9,1,1,9,2,1,0,1,3,2,1,9,9,2,1,1,2,3,1,9,0,1,2,1,0,1,1,2,2,1,2,2,1,1,2,2,1,1,2,1,2,1,2,1,2,0,9,3,0,1,1,1,9,2,3,2,2,3,2,9,2,2,2,1,2,3,1,2,2,1,1,2,1,2,2,1,2,2,0
"solcap_snp_c1_4091",2,1,3,3,2,0,2,1,2,3,1,2,1,2,1,2,2,2,1,2,1,2,1,1,0,2,2,2,2,1,2,2,2,0,1,1,3,2,3,2,3,1,1,2,1,2,1,2,3,2,1,2,2,1,1,2,2,2,2,1,2,2,0,9,2,1,2,0,1,3,2,9,2,2,2,2,3,1,1,2,3,2,1,1,2,2,2,2,2,9,9,1,2,1,2,1,0,1,2,1,2,2,2,9,1,2,1,2,1,2,3,1,2,2,1,3,1,1,3,1,2,9,3,1,1,1,1,2,2,2,2,2,0,1,1,1,1,1,2,2,1,2,2,0,1,0,2,1,1,1,1,2,1,3,2,1,1,1,1,3,1,2
"solcap_snp_c2_12807",0,1,1,1,1,0,1,1,0,1,0,1,0,1,0,0,1,1,0,0,0,0,0,0,0,1,1,1,1,0,1,1,1,0,0,0,1,1,1,1,1,0,0,1,0,1,0,1,1,1,0,1,1,0,0,0,0,1,1,0,1,0,1,1,1,0,1,0,1,1,0,1,1,1,1,1,1,1,0,0,1,1,0,0,1,1,0,1,1,1,1,0,1,1,0,0,0,1,1,0,0,1,0,1,1,0,1,1,1,1,1,0,1,1,0,1,1,0,1,0,1,0,1,0,0,0,1,1,1,0,0,1,0,0,1,1,0,0,1,1,0,1,1,0,0,0,1,0,0,0,0,0,1,1,1,0,0,0,0,1,0,1
"solcap_snp_c2_44820",1,0,0,0,0,1,1,1,0,0,1,0,0,1,1,0,0,0,1,0,0,0,0,1,1,0,0,0,0,1,1,0,1,1,0,1,0,1,0,0,0,1,1,1,0,1,0,0,0,0,0,0,0,0,0,0,1,1,0,0,0,0,1,1,1,1,0,1,1,0,0,0,1,1,0,0,0,1,1,0,0,1,1,1,1,0,0,1,0,0,0,0,0,1,0,0,1,1,1,1,0,0,0,0,1,0,1,0,1,1,0,1,1,1,1,0,1,0,0,0,0,0,0,0,1,0,1,0,0,0,0,0,1,0,1,1,1,0,0,0,1,1,1,1,0,1,0,0,1,1,0,0,1,0,1,0,1,1,0,0,1,0
"solcap_snp_c2_44819",4,2,3,4,3,2,3,3,3,3,4,3,3,3,3,2,3,3,2,3,2,2,3,3,3,4,3,3,3,3,4,4,4,3,3,9,4,3,4,4,3,2,3,3,2,3,3,3,4,4,2,3,4,2,3,3,3,3,4,3,3,3,3,3,3,2,4,2,3,4,2,9,3,3,3,4,3,3,3,3,4,3,2,2,3,3,2,3,9,4,3,2,9,3,2,2,2,9,3,2,2,4,2,4,3,3,3,4,3,4,3,3,3,3,2,4,3,2,3,3,4,2,4,3,3,3,9,3,4,3,2,4,3,3,3,3,2,2,3,3,9,3,4,2,3,2,3,2,9,3,2,3,3,4,3,3,2,3,3,3,3,4
"solcap_snp_c2_44817",1,1,2,1,2,1,1,2,0,1,1,2,1,1,0,0,2,2,0,0,1,0,1,0,1,2,2,2,2,0,1,2,1,1,1,0,9,1,1,2,1,0,0,2,1,1,1,2,1,2,1,2,2,1,1,0,0,1,2,1,2,0,2,1,1,0,2,1,2,1,0,1,1,9,2,2,1,2,0,0,1,1,0,0,1,2,0,1,2,2,1,1,1,9,0,1,1,9,1,0,0,2,0,2,2,0,2,2,2,1,1,0,1,1,0,1,2,1,1,1,2,0,1,1,0,1,2,2,2,0,0,2,1,1,2,2,0,1,2,2,0,1,1,1,1,1,2,1,0,0,1,0,2,1,1,1,0,0,1,1,0,2
"solcap_snp_c2_44816",2,0,9,9,0,1,2,1,1,1,1,1,1,2,1,1,1,1,1,1,1,1,0,2,1,1,0,0,0,2,2,0,1,1,1,1,9,1,1,1,1,1,1,1,1,1,1,0,1,1,1,0,1,0,1,1,2,1,1,1,1,1,1,9,2,1,1,1,1,1,1,0,2,2,1,0,1,1,1,1,1,2,1,1,2,1,1,1,1,1,1,0,1,1,1,1,1,1,2,2,1,0,1,1,1,1,1,1,1,1,1,1,2,1,2,1,1,1,1,1,0,1,1,0,2,0,1,0,1,9,1,1,1,1,1,1,2,0,0,0,1,1,1,1,0,1,1,1,1,2,1,9,1,1,1,1,2,1,1,1,1,1
"solcap_snp_c2_44815",1,3,2,2,2,2,1,1,3,2,2,1,2,1,3,3,1,1,3,3,2,3,3,2,2,1,2,2,1,2,1,2,2,2,2,3,2,2,2,1,2,3,3,2,2,2,2,2,2,1,2,2,1,3,2,3,9,2,1,2,1,3,1,2,1,3,1,2,1,2,3,9,1,9,1,2,2,1,3,3,2,1,3,3,1,1,3,2,1,1,1,3,2,9,3,9,2,1,1,2,3,2,3,1,1,3,1,1,1,2,2,3,1,2,2,2,1,2,2,2,2,3,2,3,2,3,1,2,1,3,3,1,2,2,1,1,2,3,2,2,3,2,2,2,3,2,1,2,3,2,2,3,1,2,2,2,2,3,2,2,3,1
"solcap_snp_c2_44804",1,3,3,2,1,2,2,1,3,2,1,2,3,2,2,3,2,2,2,3,3,3,9,3,2,2,1,1,1,3,2,1,1,2,3,9,9,1,2,2,2,2,2,1,3,1,3,9,2,2,3,1,2,2,3,3,9,1,2,3,2,3,1,2,2,2,2,2,1,2,3,1,2,9,2,1,2,1,2,3,2,2,2,2,2,2,3,1,2,2,2,2,9,2,3,9,2,1,2,3,3,1,3,2,9,3,1,2,1,1,2,2,2,1,3,2,1,3,2,3,1,3,2,2,3,2,1,1,2,3,3,2,2,3,1,9,3,2,1,1,2,1,9,2,2,2,2,3,2,3,3,3,1,2,1,3,3,2,3,2,2,2
"solcap_snp_c2_45887",3,3,3,3,2,3,3,2,4,3,3,2,3,3,4,4,2,2,4,4,3,4,3,4,3,2,2,2,9,4,3,2,3,3,3,4,3,3,3,2,3,4,4,2,3,3,3,2,3,2,3,2,2,3,3,4,4,3,2,3,2,4,2,3,3,4,2,3,2,3,4,9,3,3,2,2,3,2,4,4,3,3,4,4,3,2,4,3,2,2,2,3,2,2,4,3,3,9,3,3,4,2,4,9,2,4,2,2,2,3,3,4,3,3,4,3,2,3,3,3,2,4,3,3,4,3,9,2,2,4,4,2,3,3,2,2,4,3,2,2,4,3,3,3,3,3,2,3,4,4,3,4,2,3,3,3,4,4,3,3,4,2
"solcap_snp_c2_45881",3,4,4,4,4,3,3,3,4,4,3,4,4,3,3,4,4,4,3,4,4,4,4,3,3,4,4,4,4,3,3,4,3,3,4,3,4,3,4,4,4,3,3,3,4,3,4,4,4,4,4,4,4,4,4,4,3,3,4,4,4,4,3,3,3,3,4,3,3,4,4,4,3,3,4,4,4,3,3,4,4,3,3,3,3,4,4,3,4,4,4,4,4,3,4,4,3,3,3,3,4,4,4,4,4,4,3,4,3,3,4,3,3,3,3,4,3,4,4,4,4,4,3,4,3,4,3,4,4,4,4,4,3,4,3,3,3,4,4,4,3,3,3,3,4,3,4,4,3,3,4,4,3,4,3,4,3,3,4,4,3,4
"solcap_snp_c2_56074",0,2,2,0,0,2,1,1,1,9,0,1,1,1,1,2,1,1,2,1,2,2,1,1,1,0,1,1,1,1,0,0,0,1,1,2,0,1,0,0,1,9,2,1,2,1,1,9,0,0,2,1,0,2,1,1,1,1,0,1,1,1,1,1,1,2,0,2,1,0,2,1,1,9,9,0,1,1,1,1,0,1,2,9,1,1,2,1,1,0,1,2,2,1,2,2,2,1,1,0,2,0,2,0,0,1,1,0,1,0,1,1,1,1,2,0,1,9,1,1,0,2,0,1,1,1,1,1,0,9,2,0,1,1,1,9,2,2,1,1,2,1,0,2,1,2,1,2,2,1,2,1,1,0,1,9,2,1,1,1,1,0
"solcap_snp_c1_12798",2,2,2,3,4,1,1,2,2,2,3,2,2,1,2,1,2,2,1,2,1,1,3,1,2,3,3,3,3,1,2,4,3,2,2,1,3,2,3,3,2,1,1,2,1,2,2,3,3,3,1,3,3,2,2,2,2,2,3,2,2,2,2,2,1,1,3,1,2,3,1,9,1,9,2,4,2,2,2,2,3,1,1,1,1,2,1,2,2,9,2,2,2,2,1,1,1,9,1,2,1,4,1,3,3,2,2,3,2,3,2,2,1,2,0,3,2,1,2,2,4,2,2,3,1,3,2,3,3,2,1,3,2,2,2,2,0,2,3,3,1,2,3,1,3,1,2,1,1,1,1,2,2,3,2,2,0,2,2,2,2,3
"solcap_snp_c1_6192",2,1,3,2,2,1,2,2,1,2,1,3,2,2,0,1,3,3,0,1,2,1,1,1,1,3,2,2,2,1,2,2,1,1,9,0,2,1,2,3,2,0,0,2,2,1,2,2,2,3,2,2,3,1,2,1,1,1,3,2,3,1,2,2,2,0,3,1,2,2,1,1,2,2,3,2,2,2,0,1,2,2,0,0,2,3,1,1,3,3,2,1,2,9,1,2,1,9,2,2,1,2,1,3,3,1,2,3,2,1,2,0,2,1,1,2,2,2,2,2,2,1,2,1,1,1,2,2,3,1,1,3,1,2,2,2,1,1,2,2,0,0,1,1,1,1,3,2,0,1,2,1,2,2,1,2,1,0,2,2,0,3
"solcap_snp_c1_6193",1,1,9,1,1,1,1,1,0,1,1,2,1,1,0,0,2,2,0,0,1,0,1,9,9,9,1,9,9,9,1,1,9,9,9,0,1,1,1,9,1,0,9,1,9,1,1,9,9,2,1,1,2,9,1,0,0,9,9,1,2,0,9,1,1,0,9,9,9,9,0,1,1,1,2,9,1,9,0,0,1,1,0,0,1,2,0,9,2,9,1,1,1,1,0,1,9,1,1,1,0,1,0,1,2,0,9,9,9,9,1,0,1,9,9,1,9,1,1,1,1,0,1,9,0,1,9,1,9,9,0,2,9,1,9,9,0,1,1,1,0,0,1,1,1,9,2,9,9,9,1,9,9,1,0,1,9,0,1,1,0,2
"solcap_snp_c1_6166",2,3,2,2,2,3,2,2,3,2,3,2,2,2,4,3,2,1,4,3,2,3,3,3,3,1,2,2,2,3,2,2,3,3,2,4,2,3,2,1,2,4,4,2,2,3,2,2,2,1,2,2,1,3,2,3,3,3,1,2,1,3,2,2,2,4,1,3,2,2,3,2,2,2,1,2,2,2,4,3,2,2,4,4,2,1,3,3,1,1,1,3,2,2,3,2,3,9,2,2,3,2,3,1,1,3,2,1,2,3,2,4,2,3,3,2,2,2,2,2,2,3,2,3,3,3,2,2,1,3,3,1,3,2,2,2,3,3,2,2,4,4,3,3,3,3,1,2,4,3,2,3,2,2,3,2,3,4,2,2,4,1
"solcap_snp_c1_6176",2,3,2,2,2,3,2,2,3,2,3,2,2,2,4,3,2,1,4,3,2,9,3,3,3,1,2,2,2,3,2,2,3,3,2,4,2,3,2,1,2,4,4,9,2,3,2,2,2,1,2,2,1,3,2,3,3,3,1,2,1,3,2,2,2,4,1,3,2,2,3,3,2,2,1,2,2,2,4,3,2,2,4,4,2,1,3,3,1,1,1,3,2,2,3,9,3,9,2,2,3,2,9,1,1,3,2,1,2,3,2,4,2,3,3,2,2,2,2,2,2,3,2,3,3,3,2,2,1,3,3,1,3,2,2,2,3,3,2,2,4,4,3,3,3,3,1,2,4,3,2,3,2,2,3,2,3,4,2,2,4,1
"solcap_snp_c2_19556",1,1,2,1,2,1,1,2,0,1,1,2,1,1,1,0,1,2,0,0,1,0,1,0,1,2,2,2,1,0,1,2,1,1,1,0,1,1,1,2,1,0,0,2,1,1,1,2,1,2,1,2,2,1,1,0,0,1,2,1,2,0,2,1,1,0,2,1,2,1,0,1,1,1,2,2,1,2,0,0,1,1,0,0,1,2,0,1,2,2,1,1,2,9,0,1,1,9,1,1,0,2,0,2,2,0,2,2,2,1,1,0,1,1,0,1,2,1,1,1,2,0,1,1,0,1,2,2,2,0,0,2,1,1,2,2,0,1,2,2,0,0,1,1,1,1,2,2,0,0,1,0,2,1,1,1,0,0,1,1,0,2
"solcap_snp_c1_6183",1,1,0,2,2,0,0,0,2,2,2,1,1,0,2,1,0,0,1,2,0,1,2,1,1,1,1,1,1,1,1,2,2,1,1,1,2,1,2,1,1,1,1,1,1,1,1,1,1,9,0,1,1,1,1,2,2,1,1,1,0,2,0,1,0,0,1,0,0,2,1,1,0,0,0,2,1,0,2,2,2,0,1,1,0,0,1,1,0,1,1,1,0,1,1,0,0,0,0,1,1,9,1,1,9,2,0,1,0,2,1,2,0,1,0,2,1,0,1,1,2,9,1,2,1,2,0,1,1,2,1,1,1,1,0,0,0,1,1,1,1,1,2,0,2,0,0,0,1,1,0,2,0,2,1,9,0,1,1,1,9,1
"solcap_snp_c1_13515",3,1,2,2,3,2,2,3,2,1,3,3,1,2,2,1,1,2,2,1,1,1,9,1,2,2,3,3,2,1,2,3,3,2,1,2,2,3,2,2,2,2,2,3,2,3,1,3,2,1,1,3,2,2,1,1,2,3,2,1,2,1,3,2,2,1,2,2,3,3,1,9,2,2,2,3,2,3,2,1,2,2,2,2,2,2,1,3,2,2,1,2,2,2,1,1,2,9,2,2,1,3,1,9,2,1,3,2,3,3,2,2,2,3,1,2,3,1,2,1,3,9,2,2,1,2,2,9,2,9,1,2,2,1,3,3,1,2,3,3,2,2,3,2,2,2,2,2,2,1,1,1,3,2,3,1,1,3,1,2,2,2
"solcap_snp_c2_45570",3,1,2,2,3,2,2,3,2,1,3,3,1,2,2,1,1,2,2,1,1,1,2,1,2,2,3,3,2,1,2,3,3,2,1,2,2,3,2,2,2,2,2,3,2,3,1,3,2,1,1,3,2,2,1,1,2,2,2,1,2,1,3,2,2,1,2,2,3,3,1,9,2,2,2,3,2,3,2,1,2,2,2,2,2,2,1,3,2,2,1,2,9,2,1,1,2,9,2,2,1,3,1,2,2,1,3,2,3,3,2,2,2,3,1,2,3,1,2,1,3,9,2,2,1,2,2,3,2,9,1,2,2,1,3,3,1,2,3,3,2,2,3,2,2,2,2,2,2,1,1,1,3,2,3,1,1,3,1,2,2,2
"solcap_snp_c2_45567",4,2,3,3,4,2,3,3,3,3,4,3,3,3,3,2,2,3,2,3,2,2,3,3,3,4,3,3,3,3,4,4,4,3,3,2,3,3,4,4,3,2,2,3,2,3,3,3,3,3,2,3,4,2,3,3,3,2,4,3,3,3,3,3,3,2,4,2,3,4,9,9,3,3,3,4,3,3,3,3,4,3,2,2,3,3,2,3,3,4,3,2,9,3,2,2,2,2,3,4,2,4,2,4,4,3,3,4,3,4,3,3,3,3,2,4,3,2,3,3,4,3,3,3,3,9,3,3,4,3,2,4,3,3,3,3,2,2,3,3,2,2,4,2,3,2,3,3,2,3,2,3,3,4,3,3,2,3,3,3,3,4
"solcap_snp_c1_16062",3,4,4,4,4,3,3,3,4,4,3,4,4,3,4,3,4,4,3,4,4,4,4,3,3,4,4,4,4,3,3,4,3,3,4,3,4,3,4,4,4,3,3,3,4,3,4,4,4,4,4,4,4,4,4,4,3,3,4,4,4,4,3,3,3,3,4,3,3,4,4,4,3,3,4,4,4,3,3,4,4,3,3,3,3,4,4,3,4,4,4,4,4,3,4,4,3,3,3,3,4,4,4,4,4,4,3,4,3,3,4,3,3,3,3,4,4,4,4,4,4,4,3,4,3,4,4,4,4,4,4,4,3,4,3,3,3,4,4,4,3,3,3,3,4,3,4,4,3,3,4,4,3,4,3,4,3,3,4,4,3,4
"solcap_snp_c2_54867",2,2,3,2,3,2,1,2,2,2,2,4,1,2,3,1,2,3,2,1,2,2,2,2,2,2,4,4,2,1,1,3,2,1,2,2,3,2,2,2,2,2,2,3,3,3,1,3,3,2,2,4,2,3,2,2,1,2,2,1,2,2,3,2,2,1,2,2,3,3,2,9,1,9,3,3,2,2,1,2,2,1,2,2,2,2,2,3,3,9,2,3,2,2,2,2,1,9,2,1,2,3,9,9,2,1,2,2,2,2,3,2,2,2,1,2,2,2,2,2,3,2,2,3,0,2,2,4,2,2,2,2,2,1,3,2,1,3,3,4,2,2,2,2,2,2,3,2,2,0,2,2,3,2,2,9,1,2,1,2,1,2
"solcap_snp_c1_13996",4,3,4,4,4,3,3,3,3,4,4,9,9,4,4,3,3,4,3,3,3,3,3,4,4,4,4,4,3,4,4,4,4,3,4,3,4,3,4,4,3,3,3,4,3,4,3,3,4,4,3,4,4,3,4,4,3,3,4,3,3,4,4,3,4,3,4,3,4,4,3,3,3,3,4,4,3,3,3,4,4,3,3,3,4,3,3,4,4,4,4,3,3,4,3,3,9,3,4,4,3,4,4,4,4,3,3,4,3,4,4,4,4,3,3,4,3,3,3,4,4,4,4,4,3,3,3,4,4,4,3,4,3,3,4,3,3,3,3,4,3,3,4,3,3,3,4,3,3,3,3,4,4,4,3,3,3,3,3,3,3,4
"solcap_snp_c1_16459",2,1,2,1,0,2,3,2,1,1,1,0,2,2,0,3,2,1,2,2,2,2,1,1,1,1,0,0,1,2,2,0,1,2,1,2,1,2,1,1,2,2,2,1,1,1,2,1,1,1,2,0,1,1,1,1,2,2,1,2,2,1,1,2,2,3,1,2,1,0,2,1,3,3,1,0,2,2,2,1,1,3,2,2,2,2,2,1,1,1,1,1,9,1,2,2,3,2,2,2,2,0,1,1,1,2,2,1,2,1,1,1,2,2,3,1,2,2,2,1,0,1,2,0,3,1,2,0,1,9,2,1,2,2,1,2,3,1,1,0,2,2,1,2,1,2,1,2,2,3,2,1,1,1,2,2,3,2,2,2,2,1
"solcap_snp_c2_51155",2,3,3,3,4,2,1,2,3,3,3,2,2,2,4,1,2,3,2,2,2,2,3,3,3,3,4,4,3,2,2,4,3,2,3,2,3,2,3,3,2,2,2,3,3,3,2,3,3,3,2,4,3,3,3,3,2,2,3,2,2,3,3,2,2,1,3,2,3,4,2,9,1,9,3,4,2,3,2,3,3,1,2,2,2,2,2,3,3,9,3,3,2,3,3,2,1,1,2,2,2,4,3,9,3,2,2,3,2,3,3,3,2,2,1,3,2,2,2,3,4,3,2,4,1,3,2,4,3,3,2,3,2,2,3,2,1,3,3,4,2,2,3,2,3,2,3,2,2,1,2,3,3,3,2,2,1,2,2,2,2,3
"solcap_snp_c2_39499",2,3,3,3,4,2,1,2,3,3,3,4,2,2,4,1,2,3,2,2,2,2,3,3,3,3,4,4,3,2,2,4,3,2,3,2,3,2,3,3,2,2,2,2,3,3,2,3,3,3,2,4,3,3,3,3,2,2,3,2,2,3,3,2,2,1,3,2,3,4,2,3,1,9,3,4,2,3,2,3,3,1,2,2,2,2,2,3,3,9,3,3,2,3,3,2,1,2,2,2,2,4,3,3,3,2,2,3,2,3,3,3,2,2,1,3,2,2,2,3,4,3,2,4,1,3,2,4,3,3,2,3,2,2,3,2,1,3,3,4,2,2,3,2,3,2,3,2,2,1,2,3,3,3,2,2,1,2,2,2,2,3
"solcap_snp_c2_39494",1,3,2,2,3,9,1,9,2,2,3,3,1,2,3,1,1,2,2,9,1,9,2,3,2,9,3,3,2,2,2,3,3,9,9,2,2,2,2,2,9,2,2,9,2,3,1,2,2,2,1,3,2,2,9,2,9,2,2,1,1,2,9,9,2,1,9,1,9,3,2,2,1,9,2,3,9,2,9,2,2,1,2,2,2,1,9,3,9,9,2,2,9,9,2,1,9,1,2,9,9,3,2,9,2,2,2,2,9,3,2,3,2,2,1,2,9,1,9,2,3,2,2,3,1,2,1,3,2,2,9,2,9,1,2,9,1,2,2,3,2,2,2,9,2,9,9,1,2,1,1,2,2,2,2,2,1,9,1,9,2,2
"solcap_snp_c2_39488",0,1,0,0,0,1,1,1,1,0,0,0,1,0,0,1,1,0,1,1,1,1,1,0,0,0,1,0,1,0,0,0,0,1,0,1,0,1,0,0,1,1,1,0,1,0,1,1,0,0,1,0,0,1,0,0,1,1,0,1,1,0,0,1,0,1,0,1,0,0,1,1,1,1,0,0,1,1,1,0,0,1,1,1,0,1,1,0,0,0,0,1,1,0,0,1,9,1,0,0,1,0,0,0,0,1,1,0,1,0,0,0,0,1,1,0,1,1,1,0,0,0,0,0,1,1,1,0,0,0,1,0,1,1,0,1,1,1,1,0,1,1,0,1,1,1,0,1,1,1,1,0,0,0,1,1,1,1,1,1,1,0
"solcap_snp_c2_39509",1,1,0,2,2,0,0,0,2,2,2,1,1,0,2,0,0,0,1,2,0,1,2,2,1,1,1,1,9,1,0,2,2,1,1,1,1,0,2,1,1,1,1,0,1,1,1,1,1,1,0,1,1,1,1,2,2,1,1,1,0,2,0,1,0,0,1,0,0,2,1,1,0,0,0,2,1,1,2,2,2,0,1,1,0,0,1,1,0,1,1,1,0,1,1,0,0,1,0,1,1,2,1,1,1,2,1,1,0,2,1,2,0,1,0,2,1,0,1,1,2,9,0,2,1,2,0,1,1,2,1,1,0,1,0,0,0,1,1,1,1,1,2,0,2,0,0,0,1,1,0,2,0,2,1,2,0,0,1,1,2,1
"solcap_snp_c2_14636",1,2,0,1,1,2,2,2,2,1,2,0,2,1,1,2,1,0,2,2,1,1,2,2,2,1,1,0,9,2,1,1,2,3,1,2,0,2,2,1,1,2,2,1,1,1,2,1,0,1,1,0,1,1,1,1,2,2,1,2,1,1,1,2,1,2,1,2,1,1,1,1,2,2,0,1,1,1,2,1,1,2,2,2,1,1,1,1,0,1,1,1,1,2,0,1,3,3,1,2,1,1,0,1,1,2,2,1,2,2,0,2,1,2,2,1,1,1,1,1,1,1,1,1,3,2,1,0,1,1,1,1,2,2,1,2,2,1,1,0,2,2,1,2,2,2,0,1,2,3,1,1,1,1,2,2,2,2,1,1,3,1
"solcap_snp_c2_14637",1,1,0,0,0,2,2,2,1,0,1,2,1,1,0,2,1,0,2,1,1,1,1,1,1,0,1,0,1,1,1,0,1,2,0,2,0,2,1,0,1,2,2,1,1,1,1,1,0,0,1,0,0,1,0,0,2,2,0,1,1,0,1,2,1,2,0,2,1,0,1,1,2,2,0,0,1,1,1,0,0,2,9,9,1,1,1,1,0,0,0,1,1,1,0,1,9,9,1,1,1,0,0,0,0,1,2,0,2,1,0,1,1,2,2,0,1,1,1,0,0,0,1,0,2,1,1,0,0,0,1,0,2,1,1,2,2,1,1,0,2,2,0,2,1,2,0,1,2,2,1,0,1,0,2,1,2,2,0,1,2,0
"solcap_snp_c2_14640",1,2,3,2,2,1,1,1,1,2,1,3,0,2,2,1,1,2,2,1,1,2,1,2,1,1,2,3,9,1,2,2,2,0,1,2,3,1,1,1,2,2,2,2,2,3,0,2,3,1,1,3,1,2,1,2,2,2,1,0,1,2,2,2,3,1,1,1,2,2,2,9,1,9,2,2,2,2,1,2,2,1,2,2,2,1,2,3,2,1,1,2,2,9,9,1,0,0,2,1,2,9,9,1,1,1,2,1,1,2,3,9,2,2,1,2,2,1,2,1,2,2,2,2,0,1,1,3,1,2,2,1,1,0,2,9,1,2,2,3,2,2,2,1,1,1,2,1,9,0,1,2,2,2,2,1,1,1,1,2,1,1
"solcap_snp_c2_52532",1,1,0,0,0,2,2,2,1,0,1,0,1,1,0,2,1,0,2,1,1,1,1,1,1,0,1,0,1,1,1,0,1,2,0,2,0,2,1,0,1,2,2,1,1,1,1,1,0,0,1,0,0,1,0,0,2,2,0,1,1,0,1,2,1,2,0,2,1,0,1,1,2,2,0,0,1,1,1,0,0,2,2,2,1,1,1,1,0,0,0,1,1,1,0,1,9,9,1,1,1,0,0,0,0,1,2,0,2,1,0,1,1,2,2,0,1,1,1,0,0,0,1,0,2,1,1,0,0,0,1,0,2,1,1,2,2,1,1,0,2,2,0,2,1,2,0,1,2,2,1,0,1,0,2,1,2,2,0,1,2,0
"solcap_snp_c2_52543",3,2,2,2,2,3,3,3,3,2,3,1,4,2,2,3,3,2,2,3,3,2,3,2,3,3,2,1,2,3,2,2,2,4,3,2,1,3,3,3,2,2,2,2,2,1,4,2,1,3,3,1,3,2,3,2,9,2,3,4,3,2,2,9,1,3,3,3,2,2,2,1,3,3,2,2,2,2,3,2,2,3,2,2,2,3,2,1,2,9,2,2,9,2,1,3,4,4,2,3,2,2,1,3,3,3,2,3,3,2,1,2,2,2,3,2,2,3,2,3,2,2,2,2,4,3,3,1,3,2,2,3,3,4,2,3,3,2,2,1,2,2,2,3,2,3,2,3,2,4,3,2,2,2,2,3,3,3,3,2,3,3
"solcap_snp_c1_11777",3,3,4,4,4,2,2,2,3,4,2,4,3,3,4,2,3,4,2,3,3,3,3,3,3,4,3,4,3,3,3,4,3,2,4,2,4,2,3,4,3,2,2,3,3,3,3,3,4,4,3,4,4,3,4,4,9,2,4,3,3,4,3,9,3,2,4,2,3,4,3,9,2,9,4,4,3,3,3,4,4,2,9,2,3,3,3,3,4,4,4,3,3,3,4,3,2,2,3,3,3,4,4,4,4,3,2,4,2,3,4,3,3,2,2,4,3,3,3,4,4,4,3,4,9,3,3,4,4,4,3,4,2,3,4,9,2,3,3,4,2,2,4,2,3,2,4,3,2,9,3,4,3,4,2,3,2,2,4,3,2,4
"solcap_snp_c2_53998",3,4,4,4,4,3,3,3,4,4,3,3,4,3,4,3,4,4,3,4,4,4,4,3,3,4,4,4,4,3,3,4,3,3,4,3,4,3,4,4,4,3,3,3,4,3,4,4,4,4,4,4,4,4,4,4,3,3,4,4,4,4,3,3,3,3,4,3,3,4,4,4,3,3,4,4,4,4,4,4,4,3,3,3,3,4,4,3,4,4,4,4,4,3,4,4,3,3,3,3,4,4,4,4,4,4,3,4,3,3,4,3,3,3,3,4,4,4,4,4,4,4,3,4,3,4,4,4,4,4,4,4,3,4,4,3,3,4,4,4,3,3,4,3,4,3,4,4,3,3,4,4,3,4,3,4,3,3,4,4,3,4
"solcap_snp_c1_11907",3,2,4,3,1,3,3,2,2,3,3,1,2,3,2,4,3,2,4,3,2,4,2,3,2,1,2,2,9,4,3,1,2,2,2,4,3,3,3,1,3,4,4,9,3,3,2,2,3,3,3,2,1,4,2,3,4,4,1,2,2,3,2,3,3,4,2,3,2,1,3,9,3,3,2,1,3,2,3,3,2,3,3,4,3,2,4,3,2,1,1,3,2,9,3,9,3,9,3,2,4,1,4,1,1,2,3,1,2,2,3,3,3,3,4,2,3,3,3,2,1,2,3,3,3,2,2,2,1,3,4,2,2,2,2,2,4,3,2,2,4,4,9,3,2,3,2,2,4,3,3,3,2,2,3,3,4,2,1,3,3,9
"solcap_snp_c2_4197",4,2,4,3,2,4,3,3,3,3,3,3,3,3,3,4,4,3,4,3,3,4,3,4,3,2,3,3,2,4,3,2,2,2,3,4,3,3,3,2,3,4,4,3,4,3,3,3,3,3,4,3,2,4,3,3,4,4,2,3,3,3,3,3,3,4,3,4,3,2,4,3,3,3,3,2,3,3,3,3,2,3,3,3,3,3,4,3,3,2,2,4,3,2,3,4,4,9,3,2,4,2,4,2,2,2,3,2,3,2,3,3,3,3,4,2,3,4,3,3,2,2,3,3,3,3,3,3,2,3,4,3,3,3,3,3,4,4,3,3,4,4,9,4,3,4,3,3,4,3,4,3,3,2,3,3,4,3,2,3,3,2
"solcap_snp_c2_4196",0,2,0,1,2,0,1,1,1,1,1,1,1,1,1,0,0,1,0,1,1,0,1,0,1,2,1,1,9,0,1,2,2,2,1,0,1,1,1,2,1,0,0,1,0,1,1,1,1,1,0,1,2,0,1,1,0,0,2,1,1,1,1,1,1,0,1,0,1,2,1,1,1,1,1,2,1,1,1,1,2,1,1,1,1,1,0,1,1,2,1,0,1,9,1,0,0,1,1,2,0,2,0,2,2,2,1,2,1,2,1,1,1,1,0,2,1,0,1,1,2,9,1,1,1,1,1,1,2,9,0,1,1,1,1,1,0,0,1,1,0,0,2,0,1,0,1,1,0,1,0,1,1,2,1,1,0,1,2,1,1,2
"solcap_snp_c2_4127",1,2,0,1,3,1,1,2,2,1,1,9,2,1,2,0,1,2,0,1,2,0,2,0,2,3,2,2,2,0,1,3,2,3,2,0,1,1,1,3,1,0,0,2,1,1,2,2,1,1,1,2,3,0,2,1,0,0,3,2,2,1,2,1,1,0,2,1,2,3,0,1,1,1,2,3,1,2,1,1,2,1,1,1,1,2,0,1,2,3,2,1,9,2,1,1,1,1,1,2,0,3,0,3,3,2,1,3,2,2,1,1,1,1,0,2,1,1,1,2,3,9,1,1,1,2,2,2,3,1,0,2,2,2,2,2,0,1,2,2,0,0,2,1,2,1,2,2,1,1,1,1,2,2,1,1,0,2,3,1,1,3
"solcap_snp_c1_16413",1,1,0,0,2,1,1,2,1,0,1,2,1,1,1,0,1,2,0,0,2,0,1,0,1,2,2,2,9,0,1,2,1,2,1,0,9,1,0,2,1,0,0,2,1,1,1,2,1,0,1,1,2,0,1,0,0,0,2,1,2,0,2,1,1,0,1,1,2,2,0,1,1,9,2,2,1,2,0,0,1,1,1,1,1,2,0,1,9,9,1,1,9,9,1,1,1,1,1,1,0,2,0,9,2,1,1,2,2,1,1,0,1,0,0,1,1,1,1,1,2,1,1,0,0,1,2,2,2,0,0,1,2,1,2,2,0,1,2,2,0,0,9,1,2,1,2,2,1,0,1,0,2,1,1,0,0,2,2,1,0,2
"solcap_snp_c2_40867",4,3,4,4,3,4,3,3,4,4,3,9,4,3,4,4,4,3,4,4,3,4,4,4,4,3,3,3,3,4,3,3,3,3,4,4,3,3,4,3,3,4,4,3,4,3,4,3,3,4,4,4,3,4,4,4,4,4,3,4,3,4,3,3,3,4,4,4,3,3,4,3,3,4,3,3,3,3,4,4,3,3,3,3,3,3,4,3,3,3,3,4,3,3,3,4,4,4,3,3,4,3,4,3,3,3,3,3,3,3,3,4,3,4,4,3,3,4,3,4,3,3,3,4,4,4,3,3,3,4,4,4,3,4,3,3,4,4,3,3,4,4,3,4,3,4,3,3,4,4,4,4,3,3,3,4,4,3,3,3,4,3
"solcap_snp_c2_40858",0,2,0,1,2,0,1,1,1,1,1,1,1,1,1,0,0,1,0,1,1,0,1,0,1,2,1,1,9,0,1,2,2,2,1,0,1,1,1,2,1,0,0,1,0,1,1,1,1,1,0,0,2,0,1,1,0,0,2,1,1,1,1,1,1,0,1,0,1,2,0,1,1,1,1,2,1,1,1,1,2,1,1,1,1,1,0,1,1,2,9,0,1,9,1,0,0,1,1,2,0,2,0,9,2,2,1,2,1,2,1,1,1,1,0,2,1,0,1,1,2,9,1,1,1,1,1,1,2,1,0,1,1,1,1,1,0,0,1,1,0,0,2,0,1,0,1,1,0,1,0,1,1,1,1,1,0,1,2,1,1,2
"solcap_snp_c2_40848",0,2,0,1,2,0,1,1,1,1,1,1,1,1,1,0,0,1,0,1,1,0,1,0,1,2,1,1,1,0,1,2,2,2,1,0,9,1,1,2,1,0,0,1,0,1,1,1,1,1,0,0,2,0,1,1,0,0,2,1,1,1,1,1,1,0,1,0,1,2,9,1,1,1,1,2,1,1,1,1,2,1,1,1,1,1,0,1,1,9,1,0,1,1,1,0,0,1,1,2,0,9,0,9,2,2,1,2,1,2,1,1,1,1,0,2,1,0,1,1,2,9,1,1,1,1,1,1,2,9,0,1,1,1,1,1,0,0,1,1,0,0,2,0,1,0,1,1,0,1,0,1,1,1,1,1,0,1,2,1,1,2
"solcap_snp_c2_51346",2,2,3,1,1,4,2,3,2,1,2,2,2,2,2,3,3,2,3,1,2,3,2,3,3,1,2,2,1,3,2,1,1,2,2,3,1,2,1,1,1,3,3,9,3,2,2,2,1,1,3,3,1,2,2,1,9,3,1,2,2,1,3,9,2,3,2,4,3,1,2,1,2,2,2,1,1,2,1,1,0,2,2,2,2,2,1,2,2,1,9,3,9,2,1,3,4,3,2,1,2,1,2,0,1,0,2,1,3,1,1,2,2,2,3,0,1,3,1,2,1,1,2,1,2,2,2,2,1,1,2,2,3,2,2,3,3,3,2,2,3,3,0,4,2,4,2,2,3,2,3,1,3,1,2,1,3,3,1,1,2,0
"solcap_snp_c2_43032",1,3,2,1,3,2,2,9,3,1,2,2,3,1,2,1,2,2,1,2,3,2,3,1,2,3,3,2,3,1,1,3,2,9,2,1,1,2,2,3,2,1,1,2,2,1,3,3,1,1,2,2,3,1,2,1,1,1,3,3,3,1,2,2,1,1,2,2,2,3,1,9,2,2,2,3,2,3,2,1,2,2,1,1,1,3,1,1,2,3,2,2,2,2,1,2,9,2,1,2,1,3,9,2,3,2,2,3,3,2,1,1,1,2,1,2,2,2,2,2,3,2,1,1,2,3,3,2,3,9,1,3,3,3,2,3,1,2,3,2,1,1,9,2,3,2,2,3,2,2,2,1,2,1,2,9,1,3,3,2,2,2
"solcap_snp_c2_42961",1,1,2,1,0,2,1,1,0,1,1,0,0,2,1,2,1,1,2,0,0,1,0,2,2,0,0,1,0,2,2,0,1,1,1,2,9,1,0,0,0,2,2,2,1,2,0,0,1,1,1,1,0,1,1,1,2,2,0,0,0,1,2,1,2,2,1,2,2,0,1,0,1,9,9,0,0,0,0,1,0,1,9,9,2,0,1,2,1,0,1,1,1,9,1,1,1,1,2,1,1,0,2,0,0,0,1,0,1,1,1,2,2,1,2,0,0,1,0,1,0,1,2,1,1,0,0,1,0,9,1,0,1,0,1,9,2,1,0,1,2,2,0,2,0,2,1,0,1,1,1,1,2,1,1,0,2,1,0,0,1,0
"solcap_snp_c2_27003",1,2,3,1,1,3,2,2,1,2,2,1,1,1,1,3,2,1,3,1,1,2,1,3,2,0,1,1,1,3,1,0,1,1,1,3,1,2,1,0,1,3,3,2,2,2,1,2,1,9,2,1,0,2,1,1,9,3,0,1,1,1,1,2,2,3,1,3,2,0,2,1,2,2,1,0,1,1,1,1,0,2,2,2,2,1,1,2,1,1,1,3,2,9,1,2,3,9,2,1,2,0,2,0,0,0,2,0,2,1,1,2,2,2,3,0,1,2,1,1,0,1,2,1,2,1,1,1,0,9,2,1,2,1,1,2,3,2,1,1,3,3,0,2,1,3,1,1,2,3,2,1,2,1,2,1,3,2,0,1,2,0
"solcap_snp_c1_8390",0,2,0,1,1,0,1,1,1,1,1,1,1,1,1,0,0,1,0,1,1,0,1,0,1,2,1,1,9,0,1,2,2,2,1,0,9,1,1,2,1,0,0,1,0,1,1,0,1,9,0,1,2,0,1,1,0,0,2,1,1,1,2,1,1,0,1,0,1,2,0,1,1,1,1,2,1,1,1,1,2,1,1,1,1,1,1,1,1,9,1,0,1,1,1,0,0,1,1,2,0,9,0,2,2,2,1,2,1,2,1,1,1,1,0,2,1,0,1,1,2,9,1,1,1,1,1,1,2,9,0,1,1,1,1,1,0,0,1,1,0,0,2,0,1,0,1,1,0,0,0,1,1,1,1,9,0,1,2,1,1,2
"solcap_snp_c2_26979",3,3,3,4,2,2,3,2,2,4,3,2,2,3,3,3,2,3,3,3,2,2,2,3,3,3,2,3,2,3,4,4,4,3,3,3,4,3,3,3,3,3,3,3,2,4,2,2,4,4,2,2,3,3,3,4,3,3,3,2,9,4,3,3,4,3,3,2,3,3,3,9,3,3,3,3,3,2,3,4,4,3,4,4,4,2,4,4,3,3,3,3,9,3,4,2,9,9,4,4,3,3,4,4,3,4,3,3,2,4,4,4,4,3,3,4,3,2,3,3,3,4,4,4,3,2,2,3,3,4,3,2,3,2,3,2,3,2,2,3,3,3,4,9,2,2,3,2,2,3,2,4,3,4,3,3,3,2,3,3,3,4
"solcap_snp_c2_26945",1,0,0,0,1,1,0,1,1,0,0,1,1,1,1,0,1,1,0,0,1,1,1,0,1,1,1,1,1,0,0,0,0,1,1,0,0,0,0,1,0,1,0,1,1,0,1,1,0,0,1,1,1,0,1,0,0,0,1,1,1,0,1,0,0,0,1,1,1,1,0,0,0,0,1,1,0,1,0,0,0,0,0,0,0,1,0,0,1,1,1,0,1,1,0,1,1,1,0,0,0,1,0,0,1,0,0,1,1,0,0,0,0,0,0,0,0,1,0,1,1,0,0,0,0,1,1,1,1,0,0,1,0,1,1,1,0,1,1,1,0,0,0,9,1,1,1,1,1,0,1,0,1,0,0,0,0,1,1,0,0,0
"solcap_snp_c1_15717",3,3,3,3,4,2,3,3,4,2,3,4,4,3,3,2,3,3,2,4,4,3,4,2,2,4,4,3,4,2,3,4,3,3,3,2,3,3,4,4,4,3,2,3,3,2,4,3,3,3,3,4,4,3,3,3,2,2,4,4,4,3,3,3,2,2,3,2,2,4,3,4,3,4,3,4,4,4,4,3,4,3,2,2,2,4,3,2,3,3,3,2,3,2,3,3,3,3,2,3,3,4,2,4,4,4,3,4,3,3,3,2,2,3,2,4,4,3,4,3,4,3,2,3,3,4,4,3,4,3,3,4,3,4,3,3,2,3,4,3,2,2,4,3,4,2,3,4,3,2,3,3,2,3,3,4,2,3,4,3,3,4
"solcap_snp_c1_12178",1,2,3,1,1,3,2,2,1,2,2,1,2,1,1,3,2,1,3,1,1,2,1,3,2,0,1,1,1,3,1,0,1,1,1,3,9,2,1,0,1,2,3,2,2,2,1,2,1,1,2,1,0,2,1,1,9,3,0,1,0,1,1,2,2,3,1,3,2,0,2,9,2,9,9,0,1,1,1,1,0,2,2,2,2,1,1,2,1,1,1,3,2,9,0,2,3,9,2,1,1,0,9,0,0,0,2,0,2,1,1,9,2,2,2,0,1,2,1,1,0,1,2,1,2,1,1,1,0,9,2,1,2,1,1,9,3,2,1,1,3,3,0,2,1,3,1,1,2,3,2,1,2,1,2,0,3,2,0,2,2,0
"solcap_snp_c1_12179",0,1,1,0,1,1,1,1,1,0,1,1,1,0,0,1,1,0,1,1,1,1,1,1,0,0,1,0,1,1,0,0,0,0,0,1,0,1,1,0,1,1,1,0,1,0,1,1,0,0,1,1,0,1,0,0,1,1,0,1,0,0,0,1,0,1,0,1,0,0,1,1,1,1,0,0,1,1,1,0,0,1,0,0,0,1,0,0,0,0,0,1,1,0,0,1,9,1,0,0,1,0,0,0,0,0,1,0,1,0,0,0,0,1,1,0,1,1,1,0,0,0,0,0,1,1,1,0,0,0,1,1,1,1,0,1,1,1,1,0,1,1,0,1,1,1,0,1,1,1,1,0,0,0,1,0,1,1,0,1,1,0
"solcap_snp_c2_54325",4,3,3,4,3,3,3,3,3,4,3,9,3,4,4,3,3,4,3,3,3,3,3,3,4,4,3,4,3,3,4,4,4,4,4,3,4,3,3,4,3,3,3,4,3,4,3,3,4,4,3,3,4,3,4,4,3,3,4,3,4,4,4,3,4,3,4,3,4,4,3,3,3,3,4,4,3,3,3,4,4,3,4,4,4,3,4,4,4,4,4,3,3,4,4,3,9,3,4,4,3,4,4,4,4,4,3,4,3,4,4,4,4,3,3,4,3,3,3,4,4,4,4,4,3,3,3,4,4,4,3,3,3,3,4,3,3,3,3,4,3,3,4,3,3,3,4,3,3,3,3,4,4,4,3,4,3,3,4,3,3,4
"solcap_snp_c1_6936",4,2,2,3,3,2,3,3,3,3,3,3,3,3,3,2,2,3,2,3,3,2,3,2,3,4,3,3,3,2,3,4,4,4,3,2,3,3,3,4,3,2,2,3,2,3,3,2,3,3,2,3,4,2,3,3,9,2,4,3,4,3,4,3,3,2,3,2,3,4,2,9,3,3,3,4,3,3,3,3,4,3,3,3,3,3,3,3,3,4,3,2,2,3,4,2,2,3,3,4,3,4,2,4,4,4,3,4,3,4,3,3,3,3,2,4,3,2,3,3,4,3,3,3,3,3,3,3,4,3,2,3,3,3,3,3,2,2,3,3,2,2,4,2,3,2,3,3,2,2,2,3,3,3,3,4,2,3,4,3,3,4
"solcap_snp_c2_21992",1,1,2,1,2,2,1,2,2,0,1,2,2,1,1,1,2,1,1,1,2,2,2,1,1,1,2,1,1,1,0,0,0,1,1,1,0,1,1,1,1,2,1,1,2,0,2,2,0,0,2,2,1,1,1,0,1,1,1,2,1,0,1,1,0,1,1,2,0,1,1,1,1,1,1,1,1,2,1,0,0,1,0,0,0,2,0,0,1,1,1,1,2,1,0,2,9,1,0,0,2,1,0,0,1,0,1,1,2,0,0,0,0,1,2,0,1,2,1,2,1,0,0,0,1,2,2,1,1,0,1,2,1,2,1,2,1,2,2,1,1,1,0,9,2,2,1,2,2,1,2,0,1,0,2,0,1,2,1,1,1,0
"solcap_snp_c2_21999",1,2,0,0,1,1,2,2,1,2,2,1,1,1,1,1,0,1,1,1,1,0,1,1,1,2,1,1,9,1,1,2,3,3,1,1,1,2,1,2,1,0,1,2,0,2,1,0,1,1,0,1,2,0,1,1,1,1,2,1,1,1,3,2,2,1,1,1,2,2,1,1,2,9,9,2,1,1,1,1,2,2,2,2,2,1,1,2,1,9,9,1,1,2,9,0,1,9,2,9,2,2,0,9,2,2,2,2,2,9,1,9,2,2,0,2,1,0,1,1,2,9,2,1,2,1,1,1,2,9,0,1,2,1,1,9,1,0,1,1,1,1,2,0,1,1,1,1,0,1,0,1,2,1,2,2,1,2,2,2,2,2
"solcap_snp_c2_22003",1,2,0,0,1,1,2,2,1,2,2,1,1,1,1,1,0,1,1,1,1,0,1,9,1,2,1,1,9,1,1,2,3,3,1,1,1,2,1,2,1,0,1,2,0,2,1,0,1,1,0,1,2,0,1,1,1,1,2,1,1,1,3,2,2,1,1,1,2,2,1,1,2,1,1,2,1,1,1,1,2,2,2,2,2,1,1,2,1,3,1,1,1,2,2,0,1,9,2,3,2,2,0,9,2,2,2,2,2,3,1,2,2,2,0,2,1,0,1,1,2,2,2,1,2,1,1,1,2,9,0,1,2,1,1,2,1,0,1,1,1,1,2,0,1,1,1,1,0,1,0,1,2,1,2,2,1,2,2,2,9,2
"solcap_snp_c2_22049",2,2,0,0,2,9,2,9,9,9,2,2,2,2,2,1,1,2,1,1,2,1,2,1,2,3,2,2,2,1,9,9,3,4,2,1,9,2,9,3,9,2,1,2,1,2,2,2,1,9,1,2,3,0,2,9,1,1,3,2,9,1,4,2,2,1,2,9,2,3,1,9,2,9,2,3,1,2,1,1,2,2,2,2,2,2,9,2,2,4,2,1,9,9,2,1,9,2,2,3,9,3,0,2,3,9,2,3,9,3,1,2,2,2,1,2,1,1,1,2,3,2,2,1,2,2,2,2,3,9,0,2,2,2,2,9,1,1,2,2,1,1,9,2,2,9,2,2,1,1,1,9,9,1,9,9,1,9,3,2,2,9
"solcap_snp_c2_22054",1,2,3,2,2,3,1,2,2,2,1,2,2,2,2,2,3,2,2,1,2,3,2,2,2,1,2,2,9,2,1,0,0,1,2,2,1,1,1,1,1,2,2,2,2,1,2,3,1,1,3,2,1,2,2,1,2,2,1,2,3,1,1,1,1,2,2,3,1,1,2,1,1,1,2,1,1,2,1,1,0,1,1,1,1,2,1,1,2,1,1,2,2,9,0,3,3,1,1,0,2,1,2,0,1,0,1,1,2,0,1,1,1,1,3,0,1,3,1,2,1,1,1,1,1,2,2,2,1,9,2,2,1,2,2,2,2,3,2,2,2,3,0,9,2,3,2,2,3,2,3,1,2,1,2,0,2,2,1,1,1,0
"solcap_snp_c2_22067",3,3,3,3,2,9,3,2,2,3,3,2,2,3,3,3,2,3,3,3,2,2,2,3,3,3,2,3,2,3,4,4,4,3,3,3,4,3,3,3,3,3,3,3,3,4,2,2,4,4,9,2,3,3,3,4,3,3,3,2,9,4,3,3,4,3,3,2,4,3,3,9,3,3,3,3,3,9,3,4,4,3,4,4,4,2,4,4,9,9,3,3,2,3,4,2,2,2,4,4,2,9,4,4,3,4,3,3,2,4,4,4,4,4,2,4,3,2,3,2,9,4,4,4,3,2,2,3,3,4,3,2,3,2,3,9,3,2,2,3,3,2,4,2,9,9,3,2,9,3,2,4,3,4,2,4,3,2,3,3,3,4
"solcap_snp_c2_22069",3,2,9,2,2,9,3,2,2,9,3,2,2,2,2,2,1,2,2,3,2,1,2,2,2,3,2,2,2,2,3,4,4,3,2,2,3,3,3,3,3,2,9,9,2,3,2,2,3,3,1,2,3,2,2,3,9,2,3,2,1,3,3,3,3,2,2,9,3,3,2,9,3,3,2,3,3,2,3,3,4,3,3,3,3,2,3,3,2,3,2,2,2,9,4,1,9,2,3,4,2,9,9,4,3,4,3,3,2,4,3,3,3,3,1,4,3,1,9,2,3,3,3,3,3,2,2,2,3,3,9,2,3,2,2,9,2,1,2,2,2,1,4,9,2,9,2,2,1,2,1,3,9,3,2,4,2,2,3,3,3,4
"solcap_snp_c2_22070",2,3,9,1,2,3,2,2,2,4,2,2,2,3,3,2,2,3,2,1,2,2,2,2,3,3,2,3,2,2,2,2,3,4,3,2,2,2,1,3,1,3,2,3,2,3,2,3,2,2,2,2,3,2,3,2,2,2,3,2,9,2,4,2,3,2,3,3,3,3,1,1,2,9,3,3,1,2,1,2,2,2,3,9,3,2,2,3,3,4,3,2,9,4,2,9,2,9,3,3,3,3,1,1,3,2,2,3,3,3,2,3,3,3,2,2,1,2,1,2,3,2,3,2,2,2,2,3,3,9,1,2,2,2,3,3,2,2,2,3,2,2,2,3,2,3,3,2,2,2,2,2,4,2,3,2,2,3,3,2,2,2
"solcap_snp_c2_22072",1,2,0,0,1,1,2,1,1,2,2,1,1,1,1,1,0,1,1,1,1,0,1,0,1,2,1,1,9,1,1,2,3,3,1,1,1,2,1,2,1,1,1,2,1,2,1,1,1,1,0,1,2,1,1,1,1,1,2,1,0,1,3,2,2,1,1,1,2,2,1,1,2,1,1,2,1,1,1,1,2,2,2,2,2,1,1,2,1,3,9,1,1,2,2,0,1,2,2,3,2,2,0,2,2,2,2,2,2,3,1,2,2,2,0,2,1,0,1,1,2,2,2,1,2,1,1,1,2,1,0,1,2,1,1,2,1,0,1,1,1,0,2,0,1,1,1,1,0,1,0,1,2,1,2,2,1,2,2,2,2,2
"solcap_snp_c2_22076",3,3,9,3,3,2,4,3,3,9,4,3,3,2,2,3,2,2,3,4,3,9,3,2,2,3,3,2,3,3,3,4,4,3,2,3,3,4,4,3,4,2,3,3,3,3,3,2,3,3,2,3,3,3,2,3,3,3,3,3,9,3,3,4,3,3,2,2,3,3,3,4,4,4,2,3,4,3,4,3,4,4,3,3,3,3,3,3,2,3,2,3,2,3,4,9,4,3,3,4,3,3,9,4,3,4,4,3,3,4,3,3,3,3,2,4,4,2,4,3,3,3,3,3,4,3,3,2,3,3,3,3,4,3,2,3,3,2,3,2,3,9,4,9,3,2,2,3,2,3,2,3,2,3,3,4,3,3,3,4,4,4
"solcap_snp_c2_46779",1,1,2,1,1,2,0,1,1,2,0,1,1,2,2,1,2,2,1,0,1,9,9,2,2,1,1,2,1,1,1,0,0,1,2,1,9,0,0,1,0,2,1,9,1,1,1,2,1,1,2,1,1,1,2,1,1,1,9,1,2,1,9,0,1,1,2,9,1,1,1,0,0,0,9,9,0,1,0,1,0,0,1,1,1,9,1,1,2,1,9,1,9,9,0,9,0,1,1,0,1,1,9,0,9,0,0,1,1,0,1,1,1,1,2,0,0,2,0,1,1,1,1,1,0,1,1,2,1,9,1,1,0,1,2,9,1,2,1,2,2,2,0,9,1,2,2,1,2,1,2,1,2,1,1,0,1,1,1,0,0,0
"solcap_snp_c2_46778",2,3,2,1,2,3,2,2,2,4,2,2,2,3,3,2,2,3,2,1,2,2,2,2,3,3,2,3,2,2,2,2,3,4,3,2,9,2,1,3,1,3,2,3,2,3,2,3,2,9,2,2,3,2,3,2,2,2,3,2,3,2,4,2,3,2,3,3,3,3,9,1,2,9,3,3,1,2,1,2,2,2,3,3,3,2,2,3,3,4,3,2,2,4,2,2,1,9,3,3,3,9,2,9,3,2,2,3,3,3,2,3,3,3,2,2,1,2,1,2,3,2,3,2,2,2,2,3,3,9,1,2,2,2,3,3,2,2,2,3,3,2,9,3,2,3,3,2,9,2,2,2,3,2,3,2,2,3,3,2,2,2
"solcap_snp_c2_46777",3,3,3,3,3,2,4,3,3,2,4,3,3,2,2,3,2,2,3,4,3,2,3,2,2,3,3,2,3,3,3,4,4,3,2,3,3,4,4,3,4,2,3,9,3,3,3,2,3,3,2,3,3,3,2,3,3,3,3,3,9,3,3,4,3,3,2,2,3,3,3,4,4,4,2,3,4,3,4,3,4,4,3,3,3,3,3,3,2,3,2,3,9,2,4,2,4,3,3,4,3,3,2,4,3,4,4,3,3,4,3,3,3,3,2,4,4,2,4,3,3,3,3,3,4,3,3,2,3,3,3,3,4,3,2,3,3,2,3,2,2,2,4,9,3,2,2,3,2,3,2,3,2,3,3,4,3,3,3,4,4,4
"solcap_snp_c1_13883",2,1,3,3,2,1,2,2,2,0,2,2,2,1,1,2,2,1,2,3,2,2,2,2,1,1,2,1,2,2,2,2,1,0,1,9,2,2,3,1,3,1,2,1,2,1,2,1,2,2,2,2,1,2,1,2,2,2,1,2,1,2,0,2,1,2,1,1,1,1,3,3,2,3,1,1,3,2,3,2,2,2,1,1,1,2,2,1,1,0,1,2,2,0,2,2,3,1,1,1,1,1,2,2,1,2,2,1,1,1,2,1,1,1,2,2,3,2,3,2,1,9,1,2,2,2,2,1,1,2,3,2,2,2,1,1,2,2,2,1,1,2,2,1,2,1,1,2,2,2,2,2,1,2,1,2,2,9,1,2,2,2
"solcap_snp_c2_46776",3,3,3,3,3,2,4,3,3,2,4,3,3,2,2,3,2,2,3,4,3,2,3,2,2,3,3,2,3,3,3,4,4,3,2,3,3,4,4,3,4,2,3,2,3,3,3,2,3,3,2,3,3,3,2,3,3,3,3,3,9,3,3,4,3,3,2,2,3,3,3,4,4,4,2,3,4,3,4,3,4,4,3,3,3,3,3,3,2,3,2,3,2,2,4,2,4,3,3,4,3,3,2,4,3,4,4,3,3,4,3,3,3,3,2,4,4,2,4,3,3,3,3,3,4,3,3,2,3,3,3,3,4,3,2,3,3,2,3,2,2,2,4,9,3,2,2,3,2,3,2,3,2,3,3,4,3,3,3,4,4,4
"solcap_snp_c2_46797",2,1,3,3,2,1,2,2,2,0,2,2,2,1,1,2,2,1,2,3,2,2,2,2,1,1,2,1,9,2,2,2,1,0,1,2,9,2,3,1,3,1,2,1,2,1,2,1,2,2,2,2,1,2,1,2,9,2,1,2,1,2,0,9,1,2,1,1,1,1,9,9,2,3,1,1,3,2,3,2,2,2,1,1,1,2,2,1,1,0,1,2,2,0,2,2,3,1,1,1,1,1,2,9,1,2,2,1,1,1,2,1,1,1,2,2,3,2,3,2,1,9,1,2,2,2,2,1,1,9,3,2,2,2,1,1,2,2,2,1,1,2,2,1,2,1,1,2,9,2,2,2,1,2,1,2,2,1,1,2,2,2
"solcap_snp_c2_46796",3,2,4,4,3,3,2,3,3,2,2,3,3,3,3,3,4,3,3,3,3,4,3,4,3,2,3,3,2,3,3,2,1,1,3,3,3,2,3,2,3,3,3,9,3,2,3,3,3,3,4,3,2,3,3,3,3,3,2,3,4,3,1,9,2,3,3,3,2,2,3,9,2,3,3,2,3,3,3,3,2,2,2,2,2,3,3,2,3,1,2,3,3,2,2,4,3,2,2,1,2,2,4,2,9,2,2,2,2,1,3,2,2,2,4,2,3,4,3,3,2,2,2,3,2,3,3,3,2,3,4,3,2,3,3,9,3,4,3,3,3,4,2,4,3,3,3,3,4,3,4,3,3,3,2,2,3,2,2,2,2,2
"solcap_snp_c2_46795",3,2,4,4,3,3,2,3,3,2,2,3,3,3,3,3,4,3,3,3,3,4,3,4,3,2,3,3,2,3,3,2,1,9,3,3,3,2,3,2,3,3,3,2,3,2,3,3,3,3,4,3,2,3,3,3,3,3,2,3,4,3,9,9,2,3,3,3,2,2,3,3,2,3,3,2,3,3,3,3,2,2,2,2,2,3,3,2,3,9,2,3,3,1,2,4,3,2,2,1,2,2,4,2,2,2,2,2,2,1,3,2,2,2,4,2,3,4,3,3,2,2,2,3,2,3,3,3,2,3,4,3,2,3,3,2,3,4,3,3,3,4,9,4,3,3,3,3,4,3,4,3,3,3,2,9,3,2,2,2,2,2
"solcap_snp_c1_13885",1,0,9,0,1,1,0,1,1,1,0,1,1,1,1,0,1,1,0,0,1,1,1,1,1,1,1,1,1,0,0,0,0,1,1,0,0,0,9,1,0,1,0,1,0,0,1,1,0,0,1,1,1,0,1,0,0,0,1,1,1,0,1,0,0,0,1,1,0,1,0,9,0,0,1,1,9,1,0,0,0,0,0,0,0,1,0,0,1,1,9,0,1,1,0,1,0,9,0,0,1,1,0,0,1,9,0,1,1,0,0,0,0,0,1,0,0,1,0,1,1,0,0,0,0,1,1,1,1,0,0,1,0,1,1,1,0,1,1,1,1,1,0,1,1,1,1,1,1,0,1,0,1,0,1,9,0,1,1,0,0,9
"solcap_snp_c2_29415",3,2,4,4,3,3,2,3,3,9,2,3,3,3,3,3,4,3,3,3,3,4,3,4,3,2,3,3,2,3,3,2,1,1,3,3,3,2,3,2,3,3,3,9,3,2,3,3,3,3,4,3,2,3,3,3,3,3,2,3,4,3,1,2,2,3,3,3,2,2,3,2,2,3,3,2,3,3,3,3,2,2,2,2,2,3,3,2,3,1,2,3,3,2,9,3,3,2,2,1,2,2,4,1,2,2,2,2,2,1,3,2,2,2,4,2,3,4,3,3,2,2,2,3,3,3,3,3,2,3,4,3,2,3,3,2,3,4,3,3,3,4,2,4,3,3,3,3,4,3,4,3,3,3,2,2,3,2,2,2,2,2
"solcap_snp_c2_29319",4,3,9,9,4,3,4,4,4,3,4,4,4,3,3,3,3,3,3,4,4,3,4,3,3,4,4,3,4,3,3,4,4,4,3,3,3,4,4,4,4,3,3,3,3,3,4,3,3,3,3,4,4,3,3,3,3,3,4,4,3,3,4,4,3,3,3,3,3,4,3,4,4,4,3,4,4,4,4,3,4,4,3,3,3,4,3,3,3,4,3,3,3,3,4,3,4,3,3,4,4,4,9,4,4,4,4,4,4,4,3,3,3,3,3,4,4,3,4,4,4,3,3,3,3,4,4,3,4,3,9,4,4,4,3,4,3,3,4,3,3,3,4,3,4,3,3,4,3,3,3,3,3,3,4,4,3,4,4,4,4,4
"solcap_snp_c2_29919",0,2,9,1,1,9,1,1,0,2,1,0,0,2,1,1,9,2,1,0,1,1,0,1,1,1,1,2,1,1,2,1,1,9,1,1,2,1,0,1,9,9,1,2,1,1,0,9,1,1,1,0,1,1,1,1,1,1,1,0,1,1,2,1,2,1,1,1,2,1,1,1,1,0,2,1,1,1,0,1,1,1,9,9,2,1,1,2,9,9,9,1,9,2,1,2,0,1,2,1,0,1,1,1,9,1,1,1,1,1,9,9,2,1,1,1,1,1,1,0,1,9,2,1,1,1,1,2,1,9,1,0,1,0,2,9,1,1,1,2,9,1,1,9,1,9,1,1,1,1,1,1,2,9,1,1,1,9,1,1,0,1
"solcap_snp_c2_30008",0,2,2,1,1,1,1,1,0,1,1,0,0,2,1,1,1,2,1,0,1,1,0,1,1,1,1,2,1,1,2,1,1,1,1,1,2,1,0,1,2,2,1,2,1,1,0,9,9,1,1,0,1,1,1,1,1,1,1,0,1,1,1,1,2,1,1,1,2,1,1,1,1,0,2,1,1,1,0,1,1,1,9,9,2,1,1,2,2,1,9,1,2,9,1,2,0,1,2,1,0,1,9,1,9,1,1,1,1,1,2,1,2,1,1,1,1,9,1,0,1,9,2,1,1,1,1,2,1,9,1,0,1,0,2,9,9,1,1,2,9,1,1,9,1,1,1,1,1,1,1,1,2,2,1,1,1,1,1,1,0,1
"solcap_snp_c1_6585",2,1,3,3,2,1,2,2,2,0,2,2,2,1,1,2,2,1,2,2,2,2,2,2,1,1,2,1,9,2,2,2,1,0,1,2,1,2,3,1,2,1,2,1,2,1,2,1,2,2,2,2,1,2,1,2,2,2,1,2,1,2,0,3,1,2,1,1,1,1,9,1,2,3,1,1,3,2,3,3,2,2,1,1,1,2,2,2,1,0,1,2,9,0,2,0,3,1,2,1,1,1,9,9,1,2,2,1,1,1,2,1,1,1,2,2,3,2,3,2,1,9,1,2,2,2,2,1,1,2,2,2,2,2,1,1,2,2,2,1,1,2,2,1,2,1,2,2,2,2,2,1,1,2,1,2,2,1,1,2,2,2
"solcap_snp_c1_6556",1,2,2,1,2,2,1,2,1,2,1,1,1,3,2,1,2,3,1,1,2,2,1,2,2,2,2,3,9,1,2,1,1,2,2,1,3,1,0,2,1,3,1,9,1,1,1,2,2,1,2,1,2,1,2,1,2,1,2,1,2,1,2,1,2,1,2,2,2,2,1,1,1,0,3,2,1,2,0,1,1,1,2,9,2,2,1,1,9,1,2,1,2,2,1,9,0,9,2,1,1,9,9,1,2,1,1,2,2,2,2,2,2,1,2,1,1,2,1,1,2,9,2,1,2,2,2,3,2,9,2,1,1,1,3,2,2,2,2,3,2,2,1,3,2,1,2,2,2,1,2,2,3,2,2,1,1,2,2,1,1,1
"solcap_snp_c2_20589",1,1,2,1,2,2,1,2,2,9,1,2,2,1,1,1,2,1,1,0,2,2,2,2,1,1,2,1,9,1,0,0,0,1,1,1,9,1,1,1,0,1,1,1,1,0,2,2,0,0,2,2,1,1,1,0,0,1,1,2,1,0,1,1,0,1,1,2,0,1,1,0,1,9,9,1,1,2,1,1,0,1,0,0,0,2,0,1,1,0,1,1,2,1,0,2,2,9,0,0,2,1,0,0,9,0,1,1,2,1,0,0,0,0,2,0,1,2,1,2,1,0,0,0,2,2,2,1,1,0,2,2,1,2,1,2,2,2,2,1,2,2,0,9,2,1,2,2,2,1,2,1,1,0,2,0,1,2,1,1,9,0
"solcap_snp_c2_20588",1,1,2,1,2,2,1,2,2,1,1,2,2,1,1,1,2,1,1,0,2,2,2,2,1,1,2,1,1,1,0,0,0,1,1,1,1,1,1,1,0,1,1,1,1,0,2,2,0,0,2,2,1,1,1,0,0,1,1,2,1,0,1,1,0,1,1,2,0,1,1,0,1,1,1,1,1,2,1,1,0,1,0,0,0,2,0,1,1,0,1,1,2,1,0,2,2,9,0,0,2,1,0,0,1,0,1,1,2,1,0,0,0,0,2,0,1,2,1,2,1,0,0,0,2,2,2,1,1,0,2,2,1,2,1,2,2,2,2,1,2,2,0,9,2,1,2,2,2,1,2,1,1,0,2,0,1,2,1,1,2,0
"solcap_snp_c2_20698",1,3,3,2,3,3,2,3,2,2,2,2,2,3,2,2,3,3,2,1,3,3,2,3,2,2,3,3,2,2,2,1,1,2,2,2,3,2,1,2,1,3,2,2,2,1,2,3,2,1,3,2,2,2,2,1,2,2,2,2,9,1,2,2,2,2,2,3,2,2,2,1,2,1,3,2,2,3,1,2,1,2,2,2,2,3,1,2,3,1,2,2,3,2,1,9,2,9,2,1,2,2,9,1,2,1,2,2,3,2,2,2,2,1,3,1,2,3,2,2,2,2,2,1,3,3,3,3,2,1,3,2,2,2,3,3,3,3,3,3,3,3,9,9,3,2,3,3,3,2,3,2,3,2,3,1,2,3,3,2,2,1
"solcap_snp_c2_20667",4,3,4,4,4,4,3,3,4,4,4,4,4,3,4,4,4,3,4,4,3,4,4,4,4,3,3,3,3,4,3,3,3,3,4,4,3,3,4,3,4,3,4,3,4,4,4,4,3,4,4,4,3,4,4,4,3,4,3,4,4,4,3,3,3,4,4,4,3,3,4,3,3,4,3,3,3,3,4,4,3,4,3,3,3,3,4,4,3,3,3,4,3,3,3,3,4,4,3,3,4,3,4,3,3,3,3,3,3,3,3,3,3,4,4,3,3,4,3,4,3,3,3,4,4,3,3,3,3,4,4,4,3,4,3,3,4,4,3,3,4,4,3,4,3,4,4,3,4,4,4,4,3,3,3,3,4,3,3,3,4,3
"solcap_snp_c2_20640",1,1,2,1,2,2,1,2,2,1,1,2,2,1,1,1,2,1,1,0,2,2,2,2,1,1,2,1,1,1,0,0,0,1,1,1,2,1,1,1,0,1,1,1,1,0,9,2,0,0,2,2,1,1,1,0,0,1,1,2,1,0,1,1,0,1,1,2,0,1,1,0,1,1,9,1,1,2,1,1,0,1,0,0,0,2,0,1,1,0,1,1,2,1,0,2,2,2,0,0,9,1,0,0,1,0,1,1,1,1,0,0,0,0,2,0,1,2,1,2,1,0,0,0,2,2,2,1,1,0,2,2,1,2,1,2,2,2,2,1,2,2,0,9,2,1,2,2,2,1,2,1,1,0,2,0,1,2,1,1,2,0
"solcap_snp_c2_40032",0,1,0,0,0,0,1,1,0,0,0,0,0,1,0,0,0,1,0,0,1,0,0,0,0,1,1,1,1,0,1,1,1,1,0,0,1,1,0,1,0,1,0,1,0,0,0,0,1,0,0,0,1,0,0,0,1,0,1,0,0,0,1,1,1,0,0,0,1,1,0,1,1,0,1,1,1,1,0,0,0,0,1,1,1,1,0,0,1,1,1,0,1,1,1,1,0,0,1,1,0,1,0,1,1,1,1,1,1,1,1,1,1,0,0,1,1,0,1,0,1,1,1,0,0,1,1,1,1,0,0,0,1,0,1,1,0,0,1,1,0,0,1,0,1,0,0,1,0,0,0,0,1,1,1,1,0,1,1,1,0,1
"solcap_snp_c1_11867",1,3,9,2,3,3,2,3,2,2,2,2,3,3,2,3,3,3,2,1,3,3,2,3,2,2,3,3,2,2,2,1,1,2,2,2,3,2,1,2,1,3,2,2,2,1,2,3,2,1,3,2,2,2,2,1,9,2,2,2,9,1,2,9,2,2,2,3,2,2,2,1,2,1,3,2,2,3,1,2,1,1,2,2,2,3,1,2,3,1,2,2,3,9,1,9,2,3,2,1,2,2,2,1,2,1,2,2,3,2,2,2,2,1,3,1,2,3,2,2,2,2,2,1,3,3,3,3,3,1,3,2,2,2,3,3,3,3,3,2,3,3,1,9,3,2,3,3,3,2,3,2,3,2,3,1,2,3,3,2,2,1
"solcap_snp_c1_11866",0,1,9,1,1,1,1,1,1,0,1,1,1,0,0,1,1,0,1,0,1,1,1,1,0,0,1,0,1,1,0,0,0,0,0,1,0,1,1,0,0,0,1,0,1,0,1,1,0,0,1,1,0,1,0,0,0,1,0,1,0,0,0,1,0,1,0,1,0,0,1,0,1,1,0,0,1,1,1,1,1,0,0,0,0,1,0,1,0,0,0,1,1,0,0,0,9,1,0,0,1,0,0,0,0,0,1,0,0,0,0,0,0,0,1,0,1,1,1,1,0,0,0,0,1,1,1,0,1,0,1,1,1,1,0,1,1,1,1,0,1,1,0,1,1,1,1,1,1,1,1,0,0,0,1,0,1,1,0,1,1,0
"solcap_snp_c2_40084",4,2,3,3,3,3,3,3,4,3,3,4,4,2,3,3,3,2,3,3,3,3,4,3,3,3,3,2,3,3,2,3,3,3,3,3,9,3,4,3,3,2,3,9,3,3,4,3,2,3,3,4,3,3,3,3,9,3,3,4,3,3,3,3,2,3,3,3,2,3,3,9,3,4,9,3,3,3,4,3,4,3,2,2,2,3,3,3,2,9,2,3,9,2,3,2,4,9,2,3,4,3,2,3,3,3,3,3,2,3,2,9,2,3,3,3,3,3,3,4,3,2,2,3,3,3,9,2,3,3,3,4,3,4,2,3,3,3,3,2,3,3,3,3,3,3,3,3,3,3,3,3,2,2,3,3,3,3,2,3,4,3
"solcap_snp_c2_40079",0,1,1,1,1,1,0,0,0,1,1,1,0,1,1,1,1,1,1,1,0,1,0,1,1,0,0,1,0,1,1,0,0,0,1,1,1,0,0,0,1,1,1,1,1,1,0,1,1,1,1,0,0,1,1,1,1,1,0,0,1,1,0,0,1,1,1,1,1,0,1,0,0,0,1,0,0,0,0,1,0,1,1,1,1,0,1,1,1,0,1,1,1,1,0,1,0,1,1,0,0,0,1,0,0,0,0,0,1,0,1,1,1,1,1,0,0,1,0,0,0,1,1,1,1,0,0,1,0,1,1,0,0,0,1,0,1,1,0,1,1,1,0,1,0,1,1,0,1,1,1,1,1,1,0,0,1,0,1,0,0,0
"solcap_snp_c2_40075",1,2,1,1,2,2,2,3,2,1,1,1,3,2,1,1,2,2,1,0,3,2,2,2,1,2,3,2,2,1,1,1,1,2,1,1,2,2,1,2,0,2,1,2,1,0,2,2,1,0,2,2,2,1,1,0,1,1,2,2,9,0,2,2,1,1,1,2,1,2,1,1,2,1,2,2,2,3,1,1,1,0,1,1,1,3,0,1,2,1,2,1,2,2,1,3,2,2,1,1,2,2,0,1,2,1,2,2,2,2,1,1,1,0,2,1,2,2,2,2,2,1,1,0,2,3,3,2,3,0,2,2,2,2,2,3,2,2,3,2,2,2,1,3,3,1,2,3,2,1,2,1,2,1,3,1,1,9,2,2,2,1
"solcap_snp_c2_43241",1,3,3,2,3,3,2,3,2,2,2,2,2,3,2,2,3,3,2,1,3,3,2,3,2,2,3,3,2,2,2,1,1,2,2,2,3,2,1,2,1,3,2,9,2,1,2,3,2,1,3,2,2,2,2,1,2,2,2,2,3,1,2,2,2,2,2,3,2,2,2,1,2,1,3,2,2,3,1,2,1,1,2,9,2,3,1,2,3,1,2,2,3,2,1,9,2,3,2,1,2,2,2,2,2,1,2,2,3,2,2,2,2,1,3,1,2,3,2,2,2,9,2,1,3,3,3,3,3,9,3,2,2,2,3,3,3,3,3,3,3,3,1,9,3,2,3,3,3,2,3,2,3,2,3,1,2,3,3,2,2,2
"solcap_snp_c2_43243",3,2,3,3,2,2,2,1,2,3,3,2,2,2,3,3,2,2,3,4,1,2,2,2,3,2,1,2,2,3,3,3,3,2,3,3,2,2,3,2,4,2,3,2,3,4,2,2,3,4,2,2,2,3,3,4,3,3,2,2,3,4,2,9,3,3,3,2,3,2,3,9,2,3,2,2,2,1,3,3,3,4,3,3,3,1,4,3,2,3,2,3,2,2,3,1,2,2,3,3,2,2,4,2,2,3,2,2,2,2,3,3,3,4,2,3,2,2,2,2,2,3,3,4,2,1,1,2,1,4,2,2,2,2,2,1,2,2,1,2,2,2,3,1,1,3,2,1,2,3,2,3,2,3,1,3,3,1,2,2,2,2
"solcap_snp_c2_3079",2,3,2,1,2,3,2,2,2,4,2,2,2,3,3,2,2,3,2,2,2,2,2,2,3,3,2,3,2,2,2,2,3,3,3,9,3,2,1,3,2,3,2,3,2,3,2,3,2,2,2,2,3,2,3,2,9,2,3,2,9,2,4,1,3,2,3,3,2,3,9,9,2,9,4,3,1,2,1,1,1,3,3,9,3,2,2,2,3,9,3,9,9,4,2,4,1,9,2,3,3,9,2,1,3,2,2,3,4,3,2,3,3,3,2,2,1,2,1,2,3,2,3,2,2,2,2,3,2,9,2,2,2,2,3,3,2,2,2,3,3,2,2,3,2,2,2,2,9,2,2,3,3,2,3,2,2,3,3,2,2,1
"solcap_snp_c1_914",4,3,3,3,3,3,3,3,3,4,3,3,3,4,4,3,3,4,3,4,3,3,3,3,4,4,3,4,3,3,4,4,4,4,4,3,4,3,3,4,4,4,3,4,3,4,3,3,4,4,3,3,4,3,4,4,4,3,4,3,4,4,4,3,4,3,4,3,4,4,3,4,3,3,4,4,3,3,3,3,3,4,4,4,4,3,4,3,4,4,4,3,3,4,4,4,9,3,4,4,3,4,4,3,4,4,3,4,4,4,4,4,4,4,3,4,3,3,3,3,4,4,4,4,3,3,3,4,3,4,3,3,3,3,4,3,3,3,3,4,3,3,4,3,3,3,3,3,3,3,3,4,4,4,3,4,3,3,4,3,3,3
"solcap_snp_c2_3063",0,1,1,1,1,1,0,0,0,1,1,1,0,1,1,1,1,1,1,1,0,1,0,1,1,0,0,1,0,1,1,0,0,0,1,1,1,0,0,0,1,1,1,1,1,1,0,1,1,1,1,0,0,1,1,1,1,1,0,0,1,1,0,0,1,1,1,1,1,0,1,0,0,0,1,0,0,0,1,1,0,1,1,1,1,0,1,1,1,0,1,1,1,1,0,1,0,1,1,0,0,0,1,0,0,0,0,0,1,0,1,1,1,1,1,0,0,1,0,0,0,1,1,1,1,0,0,1,0,1,1,0,0,0,1,0,1,1,0,1,1,1,0,1,0,1,1,0,1,1,1,1,1,1,0,0,1,0,1,0,0,0
"solcap_snp_c2_3052",4,3,9,3,3,3,4,4,4,3,3,9,4,3,3,3,3,3,3,3,4,3,4,3,3,4,4,3,4,3,3,4,4,4,3,3,3,4,4,4,3,3,3,3,3,3,4,3,3,3,3,4,4,3,3,3,3,3,4,4,3,3,4,4,3,3,3,3,3,4,3,4,4,4,3,4,4,4,3,3,4,3,3,3,3,4,3,3,3,4,3,3,3,3,4,3,4,9,3,4,4,4,9,4,4,4,4,4,3,4,3,3,3,3,3,4,4,3,4,4,4,3,3,3,3,4,4,3,4,3,3,4,4,4,3,4,3,3,4,3,3,3,4,3,4,3,3,4,3,3,3,3,3,3,4,4,3,4,3,4,4,4
"solcap_snp_c2_3021",0,2,9,2,2,2,1,1,1,1,2,2,1,1,1,2,2,1,2,1,1,2,1,2,1,0,1,1,1,2,1,0,0,0,1,2,1,1,1,0,1,1,1,1,2,1,1,2,1,1,2,1,0,2,1,1,1,2,0,1,1,1,0,1,1,2,1,2,1,0,2,0,1,1,1,0,1,1,2,2,1,1,1,1,1,1,1,2,1,0,1,2,2,1,0,1,2,9,1,0,1,0,2,1,0,0,1,0,1,0,1,1,1,1,2,0,1,2,1,1,0,1,1,1,2,1,1,1,1,9,2,1,1,1,1,1,2,2,1,1,2,2,0,2,1,2,2,1,2,2,2,1,1,1,1,0,2,1,1,1,1,1
"solcap_snp_c2_2998",0,1,9,1,1,1,1,1,1,0,1,1,1,0,0,1,1,0,1,0,1,1,1,1,0,0,1,0,1,9,0,0,0,0,0,9,0,1,1,0,0,0,1,0,1,0,1,9,0,0,1,1,0,1,0,0,0,1,0,1,0,0,0,1,0,1,0,1,0,0,1,0,1,1,0,0,1,1,1,1,1,0,0,0,0,1,0,1,0,0,0,9,1,0,0,0,9,1,0,0,1,0,0,1,0,0,1,0,0,0,0,0,0,0,1,0,1,1,1,1,0,0,0,0,1,1,1,0,1,0,1,1,1,1,0,1,1,1,1,0,1,1,0,1,1,1,1,1,1,1,1,0,0,0,1,0,9,1,0,1,1,1
"solcap_snp_c2_3084",4,3,3,3,3,3,3,3,9,4,3,9,9,4,4,3,3,4,3,4,3,3,9,3,4,4,3,4,3,3,4,4,4,4,4,3,4,3,9,4,4,4,3,4,3,4,9,3,4,4,3,9,4,3,4,4,4,3,4,9,4,4,4,3,4,3,4,3,4,4,3,4,3,9,4,4,3,3,3,3,9,4,4,4,4,3,4,3,4,4,4,3,3,4,4,4,9,9,4,4,9,4,4,9,4,4,3,4,4,4,4,4,4,4,3,4,3,3,3,9,4,4,4,4,3,3,3,4,3,4,3,9,3,9,4,3,3,3,3,4,3,3,4,3,3,3,3,3,3,3,3,4,4,4,3,4,3,3,4,3,9,3
"solcap_snp_c2_2992",0,2,9,1,1,1,1,1,0,1,1,0,0,2,1,1,1,2,1,1,1,1,0,1,1,1,1,2,1,1,2,1,1,1,1,1,2,1,0,1,1,2,1,2,1,1,0,1,2,1,1,0,1,1,1,1,2,1,1,0,1,1,1,1,1,1,1,1,2,1,1,1,1,0,2,1,1,1,1,1,0,1,9,9,2,1,1,1,2,1,9,1,1,9,1,2,0,1,2,1,0,1,2,1,1,1,1,1,2,1,2,2,2,1,1,1,1,1,1,0,1,9,2,1,1,1,1,2,1,1,1,0,1,0,2,1,1,1,1,2,1,1,1,1,1,1,1,1,1,1,1,1,2,2,1,1,1,1,2,1,0,1
"solcap_snp_c2_48033",4,3,4,4,4,4,3,3,4,4,4,4,4,3,4,4,4,3,4,4,3,4,4,4,4,3,3,3,3,4,3,3,3,3,4,4,3,3,4,3,4,3,3,3,4,4,4,4,3,4,4,4,3,4,4,4,3,4,3,4,4,4,3,3,4,4,4,4,3,3,4,3,3,4,3,3,3,3,4,4,4,4,3,3,3,3,4,4,3,3,3,4,4,3,3,3,4,4,3,3,4,3,4,4,3,3,3,3,3,3,3,3,3,4,4,3,3,4,3,4,3,3,3,4,4,3,3,3,3,4,4,4,3,4,3,3,4,4,3,3,4,4,3,4,3,4,4,3,4,4,4,4,3,3,3,3,3,3,3,3,4,4
"solcap_snp_c2_48041",4,3,3,3,3,3,3,3,3,4,3,3,3,4,4,3,3,4,3,4,3,3,3,3,4,4,3,4,3,3,4,4,4,4,4,3,4,3,3,4,4,4,3,4,3,4,3,3,4,4,3,3,4,3,4,4,4,3,4,3,4,4,4,3,4,3,4,3,4,4,3,4,3,3,4,4,3,3,3,3,3,4,4,4,4,3,4,3,4,4,4,3,3,4,4,4,9,3,4,4,3,4,4,3,4,4,3,4,4,4,4,4,4,4,3,4,3,3,3,3,4,4,4,4,3,3,3,4,3,4,3,3,3,3,4,3,3,3,3,4,3,4,4,3,3,3,3,3,4,3,3,4,4,4,3,4,3,3,4,3,3,3
"solcap_snp_c2_53747",4,3,4,4,4,4,3,3,4,4,4,4,9,3,4,4,4,3,4,4,3,4,4,4,4,3,3,3,4,4,3,3,3,3,4,4,3,3,4,3,4,4,3,3,4,4,4,4,4,4,4,4,3,4,4,4,3,4,3,4,4,4,3,3,4,4,4,4,3,3,4,3,3,4,3,3,3,3,4,4,4,4,3,3,3,3,4,4,3,3,3,4,4,3,3,3,4,4,3,3,4,3,4,4,3,3,3,3,3,3,3,3,3,4,4,3,3,4,3,4,3,3,3,4,4,3,3,3,3,4,4,4,3,4,9,3,4,4,3,3,4,4,3,4,3,4,4,4,4,4,4,4,3,3,4,3,3,3,3,3,4,4
"solcap_snp_c1_16490",0,1,0,0,0,0,1,1,0,0,0,9,0,1,0,0,0,1,0,0,1,0,0,0,0,1,1,1,1,0,1,1,1,1,0,0,1,1,0,1,0,1,1,1,0,0,0,0,1,0,0,0,1,0,0,0,1,0,1,0,0,0,1,1,0,0,0,0,1,1,0,1,1,0,1,1,1,1,0,0,0,0,1,1,1,1,0,0,1,1,1,0,0,1,1,1,0,0,1,1,0,1,0,0,1,1,1,1,1,1,1,1,1,0,0,1,1,0,1,0,1,1,1,0,0,1,1,1,1,0,0,0,1,0,1,1,0,0,1,1,0,0,1,0,1,0,0,1,0,0,0,0,1,1,1,1,1,1,1,1,0,0
"solcap_snp_c2_55483",0,1,0,0,0,0,1,1,0,0,0,9,9,1,0,0,0,1,0,0,1,0,0,0,0,1,1,1,1,0,1,1,1,1,0,0,1,1,0,1,0,1,1,1,0,0,0,0,1,0,0,0,1,0,0,0,1,0,1,0,0,0,1,1,0,0,0,0,1,1,0,1,1,0,1,1,1,1,0,0,0,0,1,1,1,1,0,0,1,1,1,0,0,1,1,1,0,0,1,1,0,1,0,0,1,1,1,1,1,1,1,1,1,0,0,1,1,0,1,0,1,1,1,0,0,1,1,1,1,0,0,0,1,0,1,1,0,0,1,1,0,0,1,0,1,0,0,1,0,0,0,0,1,1,1,1,1,1,1,1,0,0
"solcap_snp_c2_55481",1,2,9,1,2,2,1,2,2,2,1,2,2,1,2,1,2,1,1,1,1,9,2,2,2,2,2,1,9,1,1,1,2,2,9,1,9,2,2,2,1,1,9,1,1,1,2,2,0,1,2,2,2,1,9,1,0,1,1,2,1,1,2,1,1,1,1,9,0,2,1,9,1,2,1,2,1,2,1,2,2,1,0,0,0,2,1,1,1,1,9,1,2,9,1,2,2,9,0,1,2,2,0,1,2,1,1,2,1,2,0,0,0,1,2,1,1,2,1,2,2,1,0,1,2,2,2,1,2,9,9,2,1,2,1,2,2,2,2,1,2,9,9,2,2,1,2,2,2,1,2,2,1,0,2,9,1,2,1,1,2,9
"solcap_snp_c1_10590",0,1,0,0,0,0,0,0,1,1,0,1,1,0,1,0,0,0,0,1,0,0,1,0,1,1,0,0,1,0,0,1,1,1,1,0,0,0,1,1,1,0,0,0,0,1,1,0,0,1,0,1,1,0,1,1,0,0,1,1,0,1,1,0,1,0,1,0,0,1,0,1,0,1,0,1,0,0,0,0,1,1,0,0,0,0,1,0,0,1,1,0,1,1,1,0,0,0,0,1,1,1,0,0,1,1,0,1,0,1,0,0,0,1,0,1,0,0,0,1,1,1,0,1,0,0,0,0,0,1,0,1,0,1,0,0,0,1,0,0,0,1,1,0,0,0,0,0,1,0,0,1,0,0,0,1,0,0,0,0,1,0
"solcap_snp_c2_35621",0,2,2,1,1,1,2,2,1,0,1,1,1,1,0,1,1,1,1,0,2,1,1,2,0,1,2,1,1,1,1,1,1,1,0,1,1,2,1,1,0,1,2,1,1,0,1,1,1,0,1,1,1,1,0,0,1,1,1,1,0,0,1,2,0,1,0,1,1,1,1,1,2,9,1,1,2,2,1,2,1,0,1,1,1,2,0,1,1,1,1,1,1,1,1,1,2,1,1,1,1,1,0,1,1,1,2,1,1,1,1,9,1,0,1,1,2,1,2,1,1,1,1,0,1,2,2,1,2,0,1,1,2,1,1,2,1,0,2,1,1,0,1,1,2,1,1,2,0,1,1,0,1,1,2,1,2,2,1,2,1,9
"solcap_snp_c1_10579",0,1,1,1,1,1,0,0,0,1,1,0,0,1,1,1,1,1,1,1,0,1,0,0,1,0,0,1,1,1,1,0,0,0,1,1,1,0,0,0,1,1,0,1,1,1,0,1,1,1,1,0,0,1,1,1,1,1,0,0,1,1,0,0,1,1,1,1,1,0,1,0,0,0,1,0,0,0,1,0,0,1,1,1,1,0,1,1,1,0,1,1,1,1,0,1,0,1,1,0,0,0,1,1,0,0,0,0,1,0,1,1,1,1,1,0,0,1,0,0,0,1,1,1,1,0,0,1,0,1,1,0,0,0,1,0,1,1,0,1,1,1,0,1,0,1,1,0,1,1,1,1,1,1,0,0,0,0,1,0,0,1
"solcap_snp_c1_11517",1,0,0,0,1,1,0,1,1,9,0,1,1,1,9,0,1,1,0,0,0,1,1,1,9,1,1,1,1,0,1,0,1,1,9,0,1,1,1,1,0,1,0,1,0,0,1,9,0,0,1,1,1,0,9,0,0,0,0,1,9,0,1,0,0,0,0,1,0,1,0,0,0,0,9,1,0,1,0,1,0,0,0,0,0,1,0,0,1,0,1,0,1,1,1,9,0,1,0,0,1,1,0,0,1,0,0,1,9,1,0,0,0,0,1,0,0,1,0,1,1,0,0,0,1,1,1,1,1,0,1,1,0,1,1,1,1,9,1,1,9,9,0,9,1,0,1,1,9,0,1,9,0,0,1,0,0,1,1,0,1,0
"solcap_snp_c2_27719",1,0,0,0,1,1,0,1,1,1,0,1,1,1,1,0,1,1,0,0,0,1,1,1,1,1,1,1,1,0,1,0,1,1,1,0,1,1,1,1,0,1,0,1,0,0,1,1,0,0,1,1,1,0,1,0,0,0,0,1,1,0,1,0,0,0,0,1,0,1,0,0,0,0,1,1,0,1,0,1,0,0,0,0,0,1,0,0,1,0,1,0,1,1,1,1,0,1,0,0,1,1,0,0,1,0,0,1,1,1,0,0,0,0,1,0,0,1,0,1,1,0,0,0,1,1,1,1,1,0,1,1,0,1,1,1,1,1,1,1,1,1,0,1,1,0,1,1,1,0,1,1,0,0,1,0,0,1,1,0,1,0
"solcap_snp_c2_27765",0,2,2,1,1,1,2,2,1,0,1,1,1,1,0,1,1,1,1,0,2,1,0,2,0,1,2,1,1,1,1,1,1,1,0,1,1,2,1,1,0,1,2,1,1,0,1,1,1,0,1,1,1,1,0,0,1,1,1,1,0,0,1,1,0,1,0,1,1,1,1,1,2,1,1,1,2,2,1,2,1,0,1,1,1,2,0,1,1,1,1,1,1,1,1,1,2,1,1,1,1,1,0,1,1,1,2,1,1,1,1,1,1,0,1,1,2,1,2,1,1,1,1,0,1,2,2,1,2,0,1,1,2,1,1,2,1,0,2,1,1,0,1,1,2,1,1,2,0,1,1,0,1,1,2,1,2,2,1,2,1,1
"solcap_snp_c2_27762",0,1,1,1,1,1,0,0,0,1,1,0,0,1,1,1,1,1,1,1,0,1,1,0,1,0,0,1,1,1,1,0,0,0,1,1,1,0,0,0,1,1,0,1,1,1,0,1,1,1,1,0,0,1,1,1,1,1,0,0,1,1,0,1,1,1,1,1,1,0,1,0,0,0,1,0,0,0,1,0,0,1,1,1,1,0,1,1,1,0,1,1,1,1,0,1,0,1,1,0,0,0,1,1,0,0,0,0,1,0,1,1,1,1,1,0,0,1,0,0,0,1,1,1,1,0,0,1,0,1,1,0,0,0,1,0,1,1,0,1,1,1,0,1,0,1,1,0,1,1,1,1,1,1,0,0,0,0,1,0,0,1
