"","snp_name","pos"
"1","solcap_snp_c2_36660",0
"2","solcap_snp_c2_36608",0.00100001000013434
"3","solcap_snp_c1_10915",0.00200002000026867
"4","solcap_snp_c1_10930",0.935519181193327
"6","solcap_snp_c1_10918",1.63056688801118
"7","solcap_snp_c2_54797",1.97019044175542
"8","solcap_snp_c2_21236",9.5078341361206
"9","solcap_snp_c2_6683",9.76553186027595
"10","solcap_snp_c1_6114",10.580394418987
"11","solcap_snp_c2_21100",10.5813944289872
"12","solcap_snp_c1_6108",12.9509445835411
"13","solcap_snp_c2_51810",17.479325154192
"14","solcap_snp_c2_51791",22.5059585501635
"16","solcap_snp_c2_27878",23.1301067780607
"17","solcap_snp_c2_56125",23.1311067880608
"18","solcap_snp_c1_13293",23.2648096549689
"28","solcap_snp_c2_53708",37.6898488244561
"31","solcap_snp_c1_13430",41.3950062441425
"32","solcap_snp_c2_54811",41.3960062541426
"33","solcap_snp_c2_40131",41.3970062641428
"34","solcap_snp_c1_5477",41.3980062741429
"35","solcap_snp_c2_686",41.399006284143
"36","solcap_snp_c2_43643",41.4000062941432
"39","solcap_snp_c1_14249",45.5309775075926
"41","solcap_snp_c2_2721",45.8755588169355
"42","solcap_snp_c2_20798",47.8646123376309
"43","solcap_snp_c2_20799",47.865612347631
"45","solcap_snp_c2_2591",48.4677139830608
"46","solcap_snp_c1_13686",51.8510261191594
"49","solcap_snp_c1_12106",53.0648481630897
"50","solcap_snp_c1_14633",55.8232793445438
"51","solcap_snp_c2_14470",57.0567700800388
"52","solcap_snp_c2_46520",57.057770090039
"53","solcap_snp_c2_14491",57.0658022840052
"55","solcap_snp_c2_13671",61.4063351106297
"56","solcap_snp_c1_4748",63.8404409017428
"59","solcap_snp_c1_5150",63.8889497416183
"62","solcap_snp_c2_13751",64.1520283745646
"63","solcap_snp_c1_4763",65.7294109642534
"64","solcap_snp_c2_14623",65.9646467643682
"65","solcap_snp_c1_5145",66.7767744541317
"66","solcap_snp_c1_4757",66.7782195595508
"67","solcap_snp_c2_20501",70.8424881219585
"68","solcap_snp_c2_20513",70.8856865830105
"69","solcap_snp_c2_20507",71.0038807336356
"70","solcap_snp_c2_13766",71.0048807436357
"71","solcap_snp_c2_49451",71.0058807536358
"74","solcap_snp_c1_6501",72.2318957513954
"76","solcap_snp_c2_20521",72.2338957713957
"77","solcap_snp_c2_52484",73.2596818722834
"83","solcap_snp_c1_5656",81.0117601728892
"88","solcap_snp_c2_12216",83.1211781900481
"89","solcap_snp_c2_2424",86.7148714033
"90","solcap_snp_c2_2505",86.7158714133001
"91","solcap_snp_c2_31821",86.7168714233003
"92","solcap_snp_c2_14274",88.7853573607173
"93","solcap_snp_c2_14365",89.4276923608216
"94","solcap_snp_c1_594",90.544155159194
"95","solcap_snp_c1_758",90.8893895513681
"96","solcap_snp_c2_16466",90.8903895613683
"97","solcap_snp_c1_4617",91.2588774560467
"98","solcap_snp_c2_7328",92.8693788245843
"100","solcap_snp_c1_2520",94.8496554376449
"101","solcap_snp_c2_7245",94.850655447645
"102","solcap_snp_c2_5039",94.8564569987723
"103","solcap_snp_c2_5078",94.8574570087724
"105","solcap_snp_c2_2463",98.2877646747424
"109","solcap_snp_c1_16435",98.2917647147429
"112","solcap_snp_c2_50483",100.435455605261
"113","solcap_snp_c1_15872",100.579190938746
"114","solcap_snp_c2_7053",103.223820223177
"115","solcap_snp_c1_2484",103.599247790559
"116","solcap_snp_c2_9722",104.831725374283
"117","solcap_snp_c1_601",104.832725384283
"118","solcap_snp_c1_3275",108.993591046437
"119","solcap_snp_c1_3234",109.323513474428
"120","solcap_snp_c2_4860",109.751493846052
"122","solcap_snp_c2_4799",113.514124135395
"123","solcap_snp_c2_4884",113.515124145395
"124","solcap_snp_c2_4896",113.516124155395
"130","solcap_snp_c2_14839",118.910279417736
"137","solcap_snp_c2_24",124.03846700116
"138","solcap_snp_c2_46448",124.039467011161
"139","solcap_snp_c2_14708",124.040467021161
"140","solcap_snp_c2_42943",124.041467031161
"141","solcap_snp_c1_4799",125.146754229978
"142","solcap_snp_c2_14761",125.357175340353
"143","solcap_snp_c2_37820",127.291525231956
"144","solcap_snp_c1_11290",127.292525241956
"145","solcap_snp_c2_22105",127.545054936013
