"snp_name","P1","P2","sequence","sequence_position","ind_1","ind_10","ind_100","ind_101","ind_102","ind_103","ind_104","ind_105","ind_106","ind_107","ind_108","ind_109","ind_11","ind_110","ind_111","ind_112","ind_113","ind_114","ind_115","ind_116","ind_117","ind_118","ind_119","ind_12","ind_120","ind_121","ind_122","ind_123","ind_124","ind_125","ind_126","ind_127","ind_128","ind_129","ind_13","ind_130","ind_131","ind_132","ind_133","ind_134","ind_135","ind_136","ind_137","ind_138","ind_139","ind_14","ind_140","ind_141","ind_142","ind_143","ind_144","ind_145","ind_146","ind_147","ind_148","ind_149","ind_15","ind_150","ind_151","ind_152","ind_153","ind_154","ind_155","ind_156","ind_157","ind_158","ind_159","ind_16","ind_160","ind_17","ind_18","ind_19","ind_2","ind_20","ind_21","ind_22","ind_23","ind_24","ind_25","ind_26","ind_27","ind_28","ind_29","ind_3","ind_30","ind_31","ind_32","ind_33","ind_34","ind_35","ind_36","ind_37","ind_38","ind_39","ind_4","ind_40","ind_41","ind_42","ind_43","ind_44","ind_45","ind_46","ind_47","ind_48","ind_49","ind_5","ind_50","ind_51","ind_52","ind_53","ind_54","ind_55","ind_56","ind_57","ind_58","ind_59","ind_6","ind_60","ind_61","ind_62","ind_63","ind_64","ind_65","ind_66","ind_67","ind_68","ind_69","ind_7","ind_70","ind_71","ind_72","ind_73","ind_74","ind_75","ind_76","ind_77","ind_78","ind_79","ind_8","ind_80","ind_81","ind_82","ind_83","ind_84","ind_85","ind_86","ind_87","ind_88","ind_89","ind_9","ind_90","ind_91","ind_92","ind_93","ind_94","ind_95","ind_96","ind_97","ind_98","ind_99"
"solcap_snp_c2_36660",2,3,1,534726,2,3,2,1,3,2,1,3,3,3,2,2,3,2,3,2,2,1,3,2,2,3,2,2,2,4,2,3,2,2,3,3,3,3,1,2,2,2,2,4,4,3,3,3,4,3,3,2,2,3,4,2,3,3,3,2,3,4,2,3,4,3,1,2,2,2,NA,2,1,1,2,2,1,4,1,3,3,3,3,3,2,2,3,2,3,2,4,3,3,3,2,4,3,2,2,2,1,3,3,2,2,3,4,2,3,2,2,2,2,3,4,3,2,2,3,2,2,3,3,2,4,2,1,3,1,3,3,2,2,3,2,2,2,2,2,3,3,3,2,2,2,3,4,3,4,2,3,3,2,2,1,2,2,3,2,1,4,2,3,3
"solcap_snp_c2_36608",3,2,1,251032,3,2,3,3,3,4,NA,2,2,3,1,3,2,3,2,2,4,3,3,4,2,3,2,3,2,2,4,1,3,2,3,3,2,3,3,3,3,3,3,2,2,2,3,3,1,2,2,2,3,3,2,2,3,1,3,3,2,2,3,1,2,2,4,2,2,3,3,3,3,3,3,2,4,2,4,3,2,1,2,2,2,3,1,3,3,3,1,3,2,2,3,2,3,3,3,4,4,2,2,2,3,2,1,3,2,3,3,3,4,3,1,3,3,3,2,3,3,3,1,3,2,3,3,1,4,2,3,3,3,2,4,3,3,2,3,2,2,2,3,2,3,2,2,1,2,2,2,3,3,2,3,3,3,3,3,3,2,2,1,2
"solcap_snp_c1_10915",2,3,1,481195,NA,3,2,1,3,2,1,3,3,1,2,2,3,2,3,2,2,1,3,2,2,3,2,2,2,4,2,3,2,2,3,3,3,3,1,2,2,2,2,4,4,3,3,3,4,3,3,2,2,3,4,2,3,3,3,2,3,4,2,3,4,3,1,2,2,2,1,2,1,1,2,2,1,4,1,3,3,3,3,3,2,2,3,2,3,2,4,3,3,3,2,4,2,2,2,2,1,3,3,2,2,3,4,2,3,2,2,2,2,3,4,3,2,2,3,2,2,3,3,2,4,2,1,3,1,3,3,NA,2,3,2,2,2,2,2,3,3,3,2,2,2,3,4,3,4,2,3,3,2,2,2,2,2,3,2,1,4,2,3,3
"solcap_snp_c1_10930",2,1,1,309242,2,1,2,3,1,2,2,1,1,NA,1,2,1,2,1,2,2,3,1,2,2,1,2,2,2,0,2,1,2,2,1,1,1,1,3,2,2,2,2,0,0,1,1,1,0,1,1,2,2,1,0,2,1,1,1,2,1,1,2,1,0,1,3,2,2,2,3,2,3,3,2,2,3,0,3,1,1,1,1,1,2,2,1,2,1,2,0,1,1,1,2,0,2,2,2,2,3,1,1,2,2,1,0,2,1,2,2,2,3,1,0,2,2,2,1,2,2,1,1,2,0,2,3,1,3,1,1,2,2,1,2,2,2,2,2,1,1,1,2,2,2,1,0,1,0,2,1,1,2,2,2,2,2,1,2,3,0,2,1,1
"solcap_snp_c2_36658",2,1,1,269300,2,1,2,3,1,2,2,1,1,1,1,2,1,2,1,2,2,3,1,2,2,1,2,2,2,0,2,1,2,2,1,1,1,1,3,2,2,2,2,0,0,1,1,1,0,1,1,2,2,1,0,2,1,1,1,2,1,1,2,1,0,1,3,2,2,2,3,2,3,3,2,2,3,1,3,1,1,1,1,1,2,2,1,2,1,2,0,1,1,1,2,0,2,2,2,NA,3,1,1,2,2,1,0,2,1,2,2,2,3,1,0,2,3,2,1,2,2,1,1,2,0,2,3,1,3,1,1,2,2,1,2,2,2,2,2,1,1,1,2,2,2,1,0,1,1,2,1,1,2,2,2,2,2,1,2,3,0,2,1,1
"solcap_snp_c1_10918",1,2,1,496966,1,2,1,1,1,0,1,2,2,1,3,1,2,1,2,2,0,1,1,0,2,1,2,1,2,2,0,3,1,2,1,1,NA,1,1,1,1,1,1,2,2,2,1,1,3,2,NA,2,1,1,2,2,1,3,1,1,2,NA,1,3,2,2,0,2,2,1,1,1,1,1,1,2,0,2,0,1,2,2,2,2,2,1,3,1,1,1,NA,1,2,2,1,2,1,1,1,0,0,2,1,2,1,2,3,1,2,1,1,1,1,1,3,2,2,1,2,1,1,1,3,1,2,1,1,3,0,2,1,NA,1,2,0,1,1,2,1,2,2,2,1,2,1,2,2,3,2,2,2,1,1,1,1,1,1,1,1,1,2,2,3,2
"solcap_snp_c2_54797",3,2,1,817305,3,2,3,3,3,4,NA,2,2,3,1,3,2,3,2,2,4,3,3,4,2,3,2,3,2,2,4,1,3,2,3,3,2,3,3,3,3,3,3,2,2,2,3,3,1,2,2,2,3,3,2,2,3,1,3,3,2,1,3,1,2,2,4,2,2,3,3,3,3,3,3,2,4,2,4,3,2,2,2,2,2,3,1,3,3,3,1,3,2,2,3,2,2,3,3,4,4,2,3,2,3,2,1,3,2,3,3,3,3,3,1,2,2,3,2,2,3,3,1,3,2,3,3,1,4,2,3,3,3,2,4,3,3,2,3,2,2,2,3,2,3,2,2,1,2,2,2,3,3,3,3,3,3,3,3,3,2,2,1,2
"solcap_snp_c2_21236",3,2,1,2958510,NA,2,3,4,2,1,NA,3,3,2,2,2,4,2,3,3,2,3,2,1,3,2,3,3,3,2,1,4,2,2,1,1,2,2,3,2,2,2,2,3,2,3,2,2,3,2,3,3,3,2,2,3,2,4,2,3,3,3,2,4,2,3,2,3,3,1,3,3,3,3,2,3,2,2,NA,2,2,2,3,3,4,2,4,2,1,2,NA,2,3,3,3,2,3,3,2,1,3,2,3,4,2,NA,2,2,3,2,2,2,2,NA,3,3,3,2,3,3,1,1,4,2,2,2,2,4,2,2,1,3,2,3,2,2,2,3,2,3,3,3,NA,4,NA,3,2,4,3,3,2,2,2,2,3,2,2,2,3,3,2,3,4,3
"solcap_snp_c2_6683",2,2,1,1828357,2,1,2,3,1,0,NA,2,3,1,3,2,2,2,2,2,1,2,2,0,3,1,2,2,2,2,0,4,1,3,1,1,2,1,2,1,2,1,1,3,2,2,2,1,3,2,2,3,2,2,2,3,1,3,2,2,3,3,1,4,2,2,1,3,2,1,3,2,2,3,1,2,1,2,1,2,2,1,3,3,NA,1,3,2,1,1,3,1,2,3,2,2,3,2,1,0,2,2,3,NA,2,NA,2,2,3,2,1,1,2,2,3,2,3,2,2,2,1,1,3,2,1,2,1,3,1,2,1,2,1,2,1,2,2,3,1,3,2,3,2,3,2,3,2,4,2,3,2,2,1,2,2,1,2,1,2,2,2,3,4,2
"solcap_snp_c1_6114",1,0,1,3693321,1,0,0,1,0,0,1,0,1,1,1,1,0,0,0,0,1,1,1,0,1,1,1,1,0,0,0,1,0,1,0,0,0,0,1,0,1,0,0,0,0,0,1,0,0,0,0,1,1,1,0,1,0,0,0,1,1,0,0,1,0,0,1,1,0,0,1,0,1,1,0,0,1,0,1,0,0,1,0,1,1,0,0,1,0,0,0,0,1,1,1,0,1,1,0,0,1,0,1,1,1,0,0,1,1,1,0,0,1,1,0,0,1,1,0,1,0,0,0,1,0,1,1,0,1,0,0,1,0,0,1,0,1,1,0,1,0,1,1,1,1,1,0,0,0,1,1,0,0,1,1,0,1,0,1,1,0,1,1,0
"solcap_snp_c2_21100",2,2,1,2591241,2,1,2,3,1,0,3,2,3,1,4,2,2,2,2,2,2,2,2,0,3,1,NA,2,2,2,0,4,1,2,1,1,2,1,2,1,2,1,1,3,2,2,2,1,3,2,2,3,2,2,2,2,1,3,2,2,3,3,1,4,2,2,1,3,2,1,3,2,2,3,1,2,1,2,1,1,2,1,3,3,3,1,3,2,1,1,3,1,2,3,2,2,3,2,1,0,2,2,3,3,2,2,1,2,3,2,1,1,2,2,3,2,3,2,2,3,1,1,3,2,1,2,1,3,1,2,1,2,1,2,1,1,2,3,1,3,2,3,2,3,2,3,2,4,2,3,2,2,1,2,2,1,2,1,2,1,2,3,4,2
"solcap_snp_c1_6108",3,4,1,3716841,3,4,4,3,4,4,3,4,3,3,3,3,4,4,4,4,3,3,3,4,3,3,3,3,4,4,4,3,4,3,4,4,4,4,3,4,3,4,4,4,4,4,3,4,4,4,4,3,3,3,4,3,4,4,4,3,3,4,4,3,4,4,3,3,4,4,3,4,3,3,4,4,3,4,3,4,4,3,4,3,3,4,4,3,4,4,4,4,3,3,3,4,3,3,4,4,3,4,3,3,3,4,4,3,3,3,4,4,3,3,4,4,3,3,4,3,4,4,4,4,4,3,3,4,3,4,4,3,4,4,3,4,3,3,4,3,4,3,3,3,3,3,4,4,4,3,3,4,4,3,3,4,3,4,3,3,4,3,3,4
"solcap_snp_c1_6123",2,2,1,3296081,3,2,2,3,2,1,1,3,2,2,2,2,2,1,3,1,3,2,3,1,2,1,2,2,1,2,1,3,0,3,1,1,2,2,2,0,3,0,2,3,2,2,3,2,1,NA,1,2,2,1,2,2,0,2,2,2,2,3,2,3,2,NA,1,2,1,1,1,1,2,2,1,NA,1,2,2,2,2,1,3,2,3,1,2,2,1,2,3,2,2,2,2,2,2,2,2,1,2,2,2,NA,NA,1,NA,3,2,3,2,0,1,3,3,2,2,3,1,2,1,1,2,3,2,1,1,2,1,2,1,NA,0,1,2,0,3,2,0,2,1,2,3,3,3,4,2,3,1,2,2,2,2,3,2,0,1,NA,2,2,2,2,4,2
"solcap_snp_c2_51810",2,0,1,4258210,0,1,1,1,1,1,1,1,1,0,1,1,2,1,1,1,0,1,0,1,1,1,1,0,2,1,1,1,2,0,1,1,2,1,1,2,0,2,1,1,1,1,0,1,2,1,2,1,1,1,1,1,2,1,1,1,1,1,1,1,1,2,1,1,2,1,NA,2,1,1,1,2,1,1,0,1,1,1,1,1,1,1,2,1,1,1,1,1,1,1,1,1,1,1,1,NA,1,1,1,1,0,NA,1,0,1,0,1,2,1,0,1,2,1,0,2,1,1,1,1,1,1,1,1,2,1,1,1,NA,2,2,0,2,0,NA,2,1,2,1,0,1,0,0,2,1,2,1,1,1,1,0,1,2,1,1,1,1,1,1,0,2
"solcap_snp_c2_51791",0,1,1,4309511,0,1,0,0,0,1,1,0,0,1,1,0,0,1,0,1,1,1,0,1,1,1,0,0,1,0,1,0,1,1,1,1,1,0,1,1,0,1,1,0,1,1,0,0,0,0,0,1,0,1,0,1,1,0,0,1,1,0,1,0,0,0,1,1,1,1,1,0,1,1,1,1,1,0,1,0,1,1,0,0,0,1,1,1,1,0,0,0,0,0,0,0,1,0,1,1,0,1,0,0,1,0,0,1,1,1,1,1,1,1,0,0,1,1,0,0,1,0,0,1,0,0,1,0,1,1,1,0,1,0,1,1,1,0,1,0,0,0,1,0,0,0,0,1,0,1,1,1,1,1,1,1,1,0,0,0,0,1,0,0
"solcap_snp_c2_45071",3,1,1,5386765,2,1,3,1,3,3,1,2,2,NA,1,2,2,3,1,3,1,2,2,3,1,2,2,2,2,3,2,1,3,1,3,3,2,3,1,3,1,3,2,2,2,1,2,3,2,3,3,1,2,2,3,1,2,2,3,2,1,2,2,1,3,3,2,1,2,3,NA,3,1,1,2,3,2,3,2,3,2,2,2,2,1,3,2,1,2,3,2,3,2,2,2,3,1,2,2,NA,2,2,2,1,1,3,3,1,1,1,2,3,2,1,2,2,1,1,3,2,3,3,1,3,3,2,2,2,2,2,2,2,3,3,2,3,1,2,3,2,3,2,1,1,2,1,3,3,3,1,1,2,2,1,2,3,2,3,3,1,3,1,1,3
"solcap_snp_c2_27878",1,1,1,6071298,1,1,2,1,2,2,1,1,1,2,0,1,1,1,1,1,1,1,1,2,0,2,2,1,1,1,1,0,2,0,1,1,1,2,1,2,0,2,1,0,0,0,1,2,1,1,2,0,2,1,1,1,2,0,2,2,0,0,1,0,1,2,1,0,1,2,0,2,1,0,1,2,2,1,1,1,0,2,0,1,1,2,1,0,0,2,0,2,2,1,2,1,1,2,0,1,2,0,1,1,0,2,2,0,0,0,1,1,1,0,1,1,0,0,2,2,1,1,1,2,2,1,2,1,2,0,0,2,2,2,1,2,0,1,2,1,1,1,0,1,1,0,2,1,2,0,0,0,0,0,1,2,1,2,2,1,1,0,0,2
"solcap_snp_c2_56125",2,0,1,5291666,1,1,0,1,0,0,1,0,2,0,2,2,1,1,1,1,1,0,1,0,2,1,1,1,1,1,0,2,1,1,1,1,1,0,NA,1,1,1,0,1,1,0,1,0,2,NA,1,2,1,2,1,1,1,1,0,1,2,1,0,2,1,1,2,2,1,0,2,1,1,2,0,NA,1,1,1,0,1,1,1,2,1,0,1,2,1,0,1,0,1,2,1,1,2,1,0,1,1,1,2,1,1,1,0,1,2,1,0,1,2,1,1,1,2,1,1,1,1,1,1,0,0,2,1,1,1,1,1,1,1,1,1,1,1,2,0,2,1,2,1,1,2,1,1,1,1,NA,2,1,1,1,1,1,2,0,0,1,1,NA,1,NA
"solcap_snp_c1_13293",1,0,1,5505413,0,1,1,1,1,1,1,1,0,1,0,0,1,0,1,0,0,1,0,1,0,1,1,0,1,0,1,0,1,0,0,0,1,1,1,1,0,1,1,0,0,0,0,1,0,0,1,0,1,0,0,1,1,0,1,1,0,0,1,0,0,1,0,0,1,1,0,1,1,0,0,1,1,0,0,1,0,1,0,0,1,1,1,0,0,1,0,1,1,0,1,0,0,1,0,1,1,0,0,1,0,1,1,0,0,0,1,0,0,0,1,1,0,0,1,1,0,0,1,1,1,0,1,1,1,0,0,1,1,1,0,1,0,0,1,0,1,0,0,1,0,0,1,0,1,0,0,0,0,0,1,1,0,1,1,1,0,0,0,1
"solcap_snp_c2_27900",2,1,1,6303660,3,1,2,1,2,2,1,1,2,2,1,2,0,2,1,2,1,1,3,2,1,2,2,3,0,2,1,1,1,2,2,2,0,2,1,1,2,1,1,1,1,2,3,2,2,2,1,1,2,2,2,1,2,1,2,2,1,1,1,1,2,2,2,1,0,2,1,1,1,1,3,1,2,2,2,1,1,2,1,2,1,2,0,1,1,2,1,2,2,2,1,2,2,NA,1,0,2,1,2,1,2,1,2,2,1,2,1,2,2,1,1,0,1,2,1,2,2,1,1,2,2,2,2,0,2,1,1,2,1,1,3,1,2,2,2,2,2,2,3,1,2,1,1,2,1,1,1,1,1,2,0,1,2,2,2,1,2,1,2,1
"solcap_snp_c2_27877",3,4,1,6071274,4,3,3,3,3,3,3,3,4,3,4,4,3,4,3,4,3,3,4,3,4,3,3,4,3,4,3,4,3,4,4,4,3,3,3,3,4,3,3,4,4,4,4,3,4,4,3,4,3,4,4,3,3,4,3,3,4,4,3,4,4,3,4,4,3,3,4,3,3,4,4,3,3,4,4,3,4,3,4,4,3,3,3,4,4,3,4,3,3,4,3,4,4,3,4,3,3,4,4,3,4,3,3,4,4,4,3,4,4,4,3,3,4,4,3,3,4,4,3,3,3,4,3,3,3,4,4,3,3,3,4,3,4,4,3,4,4,4,4,3,4,4,3,4,3,4,4,4,4,4,3,3,4,3,3,3,4,4,4,3
"solcap_snp_c1_13318",1,3,1,5431175,2,2,3,2,3,3,NA,3,1,1,1,1,2,2,2,2,2,3,2,3,1,2,2,2,2,2,3,1,2,2,2,2,2,3,2,2,2,2,3,2,2,2,2,3,1,2,2,1,2,1,2,2,2,2,3,2,1,2,3,1,2,3,1,1,2,3,1,2,2,1,2,2,2,2,2,3,2,2,2,1,2,3,2,1,2,3,2,3,2,1,2,2,1,2,2,2,2,2,1,2,NA,2,3,2,1,2,3,2,1,1,3,2,1,2,2,2,2,2,2,3,3,1,2,2,2,2,2,2,2,2,2,2,2,1,3,1,2,1,2,2,1,2,2,2,2,1,1,2,2,2,2,2,1,3,3,2,2,1,2,2
"solcap_snp_c2_48154",2,3,1,7165840,NA,3,2,3,2,2,3,3,2,2,3,2,4,2,3,2,3,3,1,2,3,2,2,1,4,2,3,3,3,2,2,2,4,2,3,3,2,3,3,3,3,2,1,2,2,2,3,3,2,2,2,3,2,3,2,2,3,3,3,3,2,2,2,3,4,2,3,3,3,3,1,3,2,2,2,3,3,2,3,2,3,2,4,3,3,2,3,2,2,2,3,2,2,2,3,4,2,2,2,3,2,NA,2,2,3,2,3,2,2,3,3,4,3,3,3,2,1,3,2,2,2,2,2,4,2,3,3,2,3,3,1,3,2,2,2,2,2,2,1,3,2,3,3,2,3,2,3,3,3,2,4,3,2,3,2,3,2,3,2,3
"solcap_snp_c2_45058",3,4,1,5347412,4,4,4,4,4,4,4,4,3,4,3,3,3,3,4,3,4,4,4,4,3,4,4,4,3,3,4,3,3,4,3,3,3,4,4,3,4,3,4,3,3,4,4,4,3,3,3,3,4,3,3,4,4,3,4,4,3,3,4,3,3,4,3,3,3,4,3,3,4,3,4,3,4,3,4,4,3,4,3,3,4,4,3,3,3,4,3,4,4,3,4,3,3,4,4,3,4,3,3,4,4,3,4,4,3,4,4,3,3,4,3,3,3,4,3,4,3,3,4,4,4,3,4,3,4,3,3,4,3,3,4,3,4,3,4,3,3,3,4,4,3,4,3,3,3,3,3,3,3,4,3,3,3,4,4,4,3,3,4,3
"solcap_snp_c1_12938",2,1,1,13392343,1,2,1,2,2,1,1,2,2,1,2,2,2,1,2,1,1,2,2,1,1,1,1,2,1,1,2,1,0,2,1,1,1,1,2,0,3,0,2,2,2,3,3,2,2,2,1,2,1,1,1,1,1,2,1,1,1,2,1,2,1,2,1,1,1,1,1,1,1,2,2,0,2,1,2,2,1,1,1,1,2,1,1,1,3,1,2,2,1,1,1,1,2,2,1,0,2,3,1,2,2,1,1,2,2,3,2,1,1,1,2,1,2,1,2,2,2,2,1,1,1,1,1,1,1,2,1,2,0,1,1,0,3,1,1,2,1,2,3,2,1,1,0,1,0,1,1,1,1,3,0,1,1,NA,1,2,1,2,3,1
"solcap_snp_c2_43973",3,2,1,13547044,2,2,2,3,2,1,1,3,3,1,3,3,4,2,4,2,2,2,3,2,3,1,2,3,2,3,2,3,1,3,2,2,2,3,2,1,4,1,2,4,3,3,3,2,4,3,2,3,2,2,3,1,1,4,2,2,3,4,2,4,3,2,2,3,2,1,3,2,2,4,2,NA,2,3,2,2,3,1,3,3,3,1,2,3,4,2,4,3,2,3,2,2,3,2,3,2,2,3,3,3,2,2,2,2,3,3,2,2,2,2,3,3,3,2,2,2,2,4,2,1,2,3,1,2,1,3,3,2,1,2,1,1,3,3,1,3,3,3,3,3,3,2,2,2,2,2,3,3,3,3,2,2,2,2,2,4,3,3,4,2
"solcap_snp_c1_8908",2,1,1,13656016,1,2,1,2,2,1,1,2,2,1,2,2,2,1,2,1,1,2,2,1,1,1,1,2,1,1,2,1,0,2,1,1,1,1,2,0,3,0,2,2,2,3,2,2,2,2,1,2,1,1,1,1,1,2,1,1,1,2,1,2,1,2,1,1,1,1,1,1,1,2,2,0,2,1,2,2,1,1,1,1,2,1,1,1,3,1,2,2,1,1,1,1,2,2,1,0,2,3,1,2,2,1,1,2,2,3,2,1,1,1,2,1,2,1,2,2,2,2,1,1,1,1,1,1,1,2,1,2,0,1,1,0,3,NA,1,2,1,2,3,2,1,1,0,1,0,1,1,1,1,3,0,1,1,1,1,2,1,2,3,1
"solcap_snp_c2_54353",0,1,1,13747285,0,1,1,0,1,1,1,1,0,NA,1,0,0,1,0,1,1,1,0,0,1,1,0,0,1,0,1,0,0,1,1,1,1,0,1,1,0,1,1,0,1,1,0,1,0,0,0,1,0,1,0,1,1,0,0,1,1,0,1,1,0,0,1,1,0,1,1,0,1,0,1,1,1,0,1,1,1,1,0,0,0,1,1,1,0,0,0,0,0,0,0,1,0,0,1,1,0,1,0,0,1,0,1,1,1,1,1,1,0,1,0,0,1,1,0,1,1,0,0,1,0,0,1,0,1,1,1,0,1,0,1,1,1,0,1,0,1,0,0,0,0,1,0,1,0,1,1,1,1,1,1,1,1,0,0,0,1,1,0,0
"solcap_snp_c1_14248",2,1,1,44696488,2,2,1,2,2,1,1,2,2,1,2,2,2,1,2,1,1,2,2,1,1,1,1,2,1,1,2,1,1,2,1,1,1,1,2,0,3,0,2,2,2,3,2,2,2,2,1,2,1,1,1,1,1,2,1,1,1,2,1,2,1,2,1,1,1,1,1,1,1,2,2,0,2,1,2,2,2,1,1,1,2,1,1,1,3,1,2,2,1,1,1,1,1,2,1,0,2,2,1,2,2,1,1,1,2,3,2,1,1,1,2,1,2,1,2,2,2,2,1,1,1,1,1,1,1,2,1,2,0,1,1,0,3,2,1,2,1,1,3,2,1,1,0,1,0,1,1,1,1,3,0,1,1,1,1,NA,1,2,3,1
"solcap_snp_c2_53708",0,2,1,44890351,0,1,1,0,1,1,1,1,0,1,1,0,1,1,1,1,2,1,1,1,2,1,1,0,1,1,1,1,1,2,1,1,1,1,1,1,1,1,1,1,1,1,0,1,1,0,0,1,1,1,1,1,1,1,1,2,2,1,2,1,1,0,1,2,0,1,1,0,2,1,2,1,1,1,1,1,1,1,1,1,1,1,1,2,1,1,1,1,1,1,0,1,1,0,2,NA,0,2,1,1,1,0,1,1,1,1,1,1,1,1,1,1,1,2,0,1,1,1,1,1,1,1,1,0,1,1,2,0,1,1,1,1,1,0,2,0,2,1,0,1,1,1,1,1,1,1,2,2,2,1,2,1,1,0,1,1,1,0,1,0
"solcap_snp_c2_45395",4,3,1,39529256,4,4,4,3,4,4,4,4,4,4,4,4,3,4,3,4,3,4,3,3,3,4,3,4,4,3,4,3,3,3,4,4,4,3,4,4,3,4,4,3,4,4,4,4,3,4,4,4,3,4,3,4,4,3,3,3,3,3,3,4,3,4,4,3,4,4,4,4,3,3,3,4,4,3,4,4,4,4,3,3,3,4,4,3,3,3,3,3,3,3,4,4,3,4,3,3,4,3,3,3,4,4,4,4,4,4,4,4,3,4,3,3,4,3,4,4,4,3,3,4,3,3,4,4,4,4,3,4,4,3,4,4,4,4,3,4,3,3,4,3,3,4,3,4,3,4,3,3,3,4,3,4,4,4,3,3,4,4,3,4
"solcap_snp_c2_49042",2,0,1,43330828,1,1,1,1,1,1,1,1,1,1,1,1,1,1,1,1,1,1,1,1,1,1,1,0,2,1,1,1,2,0,1,1,2,1,1,2,0,2,1,1,1,0,0,1,1,1,2,1,1,1,1,1,1,1,1,1,1,1,1,1,1,1,1,1,2,1,NA,2,1,1,0,2,0,1,1,1,1,1,2,1,1,1,2,1,0,1,1,1,1,1,2,1,1,1,1,1,1,0,1,1,1,NA,1,1,1,0,1,1,1,2,1,2,1,1,1,1,0,1,1,1,1,1,1,2,1,1,1,1,2,1,1,2,0,1,1,1,1,1,0,1,1,1,2,1,2,1,1,1,1,0,2,2,1,2,1,1,1,1,0,2
"solcap_snp_c1_13430",1,3,1,59363361,NA,1,2,1,2,2,1,1,2,2,2,2,2,3,2,3,2,1,2,2,3,2,2,2,2,3,1,3,2,2,3,2,2,3,2,3,2,3,1,2,2,1,2,2,2,2,2,2,3,3,3,2,2,3,2,3,3,2,2,2,3,1,2,2,2,2,3,2,2,2,3,3,1,3,1,1,2,2,2,3,1,2,2,3,1,2,2,1,2,3,2,3,3,1,3,3,1,2,3,1,2,NA,2,2,2,1,1,2,3,2,1,1,2,2,1,1,2,2,2,2,2,3,2,2,2,2,3,NA,3,2,2,3,2,3,2,2,2,3,1,1,3,3,NA,3,3,3,3,2,3,1,3,3,3,2,2,3,3,2,2,2
"solcap_snp_c2_54811",4,2,1,46271054,3,4,3,3,4,3,4,4,3,3,4,3,3,3,3,3,3,4,3,2,3,3,2,3,4,2,4,2,2,3,3,3,4,2,4,3,3,3,4,3,4,4,3,4,3,3,3,4,2,3,2,3,3,3,2,3,3,3,3,4,2,3,3,3,3,3,4,3,3,3,3,3,3,2,4,4,4,3,3,2,3,3,4,3,3,2,3,3,2,2,3,3,2,3,3,3,3,3,2,3,4,3,3,4,4,4,4,3,2,4,3,3,4,3,3,4,3,3,2,3,2,2,3,3,3,4,3,3,3,2,3,3,4,3,3,3,3,2,3,3,2,3,2,3,2,3,3,3,3,4,3,3,3,3,2,NA,3,3,4,3
"solcap_snp_c2_40131",0,2,1,45751390,1,0,1,1,0,1,0,0,1,1,0,1,1,1,1,1,1,0,1,2,1,1,2,1,0,2,0,2,2,1,1,1,0,2,0,1,1,1,0,1,0,0,1,0,1,1,1,0,2,1,2,1,1,1,2,1,1,1,1,0,2,1,1,1,1,1,0,1,1,1,1,1,1,2,0,0,0,1,1,2,1,1,0,1,1,2,1,1,2,2,1,1,2,1,1,1,1,1,2,1,0,1,1,0,0,0,0,1,2,0,1,1,0,1,1,0,1,1,2,1,2,2,1,1,1,0,1,NA,1,2,1,1,0,1,1,1,1,2,NA,1,2,1,2,1,2,1,1,1,1,0,1,1,1,1,2,1,1,1,0,1
"solcap_snp_c1_5477",0,2,1,23657080,NA,0,1,1,0,1,0,0,1,1,0,1,1,1,1,1,1,0,1,2,1,1,2,1,0,2,0,2,1,1,1,1,0,2,0,1,1,1,0,1,0,0,1,0,1,NA,1,0,2,1,2,1,1,1,2,1,1,1,1,0,2,1,1,1,1,1,0,1,1,1,1,1,NA,2,0,0,1,1,1,2,1,1,0,1,1,2,1,1,NA,2,1,1,1,1,1,1,1,1,2,1,0,1,NA,0,0,0,0,1,2,0,1,1,0,1,1,0,1,1,2,1,2,2,1,1,1,0,1,NA,1,2,1,1,0,NA,1,1,1,1,NA,1,2,1,2,1,2,1,1,1,1,0,1,1,1,1,2,1,1,0,1,1
"solcap_snp_c2_686",4,2,1,51324458,3,4,3,3,4,3,4,4,3,3,4,3,3,3,3,3,3,4,3,2,3,3,2,3,4,2,4,2,3,3,3,3,4,2,4,3,3,3,4,3,4,4,3,4,3,3,3,4,2,3,2,3,3,3,2,3,3,3,3,4,2,3,3,3,3,3,4,3,3,3,3,3,3,2,4,4,3,3,3,2,3,3,4,3,3,2,3,3,2,2,3,3,3,3,3,3,3,4,2,3,4,3,3,4,4,4,4,3,3,4,3,3,4,3,3,4,3,3,2,3,2,2,3,3,3,4,3,3,3,2,3,3,4,3,3,3,3,3,3,3,2,3,2,3,2,3,3,3,3,4,3,3,3,3,2,3,3,4,3,3
"solcap_snp_c2_43643",4,3,1,29180891,3,4,3,4,4,3,4,4,3,3,4,3,4,3,4,3,4,4,4,3,4,3,3,3,4,3,4,3,3,4,3,3,4,3,4,3,4,3,4,4,4,4,3,4,4,3,3,4,3,3,3,3,3,4,3,4,4,4,4,4,3,3,3,4,3,3,4,3,4,4,4,3,3,3,4,4,4,3,4,3,4,3,4,4,4,3,4,4,3,3,3,3,3,3,4,4,3,4,3,4,4,3,3,4,4,4,4,3,3,4,4,4,4,4,3,4,3,4,3,3,3,3,3,3,3,4,4,3,3,3,3,3,4,3,4,3,4,3,3,4,3,3,3,3,3,3,4,4,4,4,4,3,3,3,3,4,3,3,4,3
"solcap_snp_c2_27682",4,3,1,37067467,3,4,3,3,4,3,4,4,3,3,4,3,4,3,4,3,4,4,4,3,4,3,3,3,4,3,4,3,3,4,3,3,4,3,4,3,4,3,4,4,4,4,3,4,4,3,3,4,3,3,3,3,3,4,3,4,4,4,4,4,3,3,3,4,3,3,4,3,4,4,4,3,3,3,4,4,4,3,4,3,4,3,4,4,4,3,4,4,3,3,3,3,3,3,4,4,3,4,3,4,4,3,3,4,4,4,4,3,3,4,4,4,4,4,3,4,3,4,3,3,3,3,3,3,3,4,4,3,3,3,3,3,4,3,4,3,4,3,3,4,3,3,3,3,3,3,4,4,4,4,4,3,3,3,3,4,3,3,4,3
"solcap_snp_c2_35537",1,2,1,60516874,2,1,1,1,2,1,0,3,1,1,1,1,2,2,1,2,2,2,1,2,1,0,1,2,1,1,2,1,2,2,1,2,1,1,1,1,1,0,1,2,2,2,1,1,2,2,1,1,1,0,2,0,0,1,2,1,1,3,2,1,2,2,2,2,2,1,0,1,1,2,1,0,2,2,2,2,2,0,2,1,3,1,1,1,3,1,3,2,1,1,2,2,1,1,2,1,1,1,1,2,1,1,1,1,1,2,3,1,1,1,2,3,1,2,1,1,1,3,1,1,2,1,1,1,0,2,2,0,0,1,0,0,2,1,2,1,2,1,2,1,1,0,1,1,1,0,1,2,2,2,1,0,0,1,1,3,0,1,1,NA
"solcap_snp_c1_14249",0,1,1,44696500,1,0,1,1,0,1,0,0,1,1,0,1,0,1,0,1,0,0,0,1,0,1,1,1,0,1,0,1,0,0,1,1,0,1,0,1,0,1,0,0,0,0,1,0,0,1,1,0,1,1,1,1,1,0,1,0,0,0,0,0,1,1,1,0,1,1,0,1,0,0,0,1,1,1,0,0,0,1,0,1,0,1,0,0,0,1,0,0,1,0,1,1,1,1,0,0,1,0,1,0,0,1,1,0,0,0,0,1,1,0,0,0,0,0,1,0,1,0,1,1,1,1,1,1,1,0,0,1,1,1,1,1,0,1,0,1,0,1,1,0,1,1,1,1,1,1,0,0,0,0,0,1,1,1,1,0,1,1,0,1
"solcap_snp_c2_2653",0,2,1,58737622,NA,0,1,1,0,1,0,0,1,1,0,1,1,1,1,1,1,0,1,2,1,1,2,1,0,2,0,2,1,1,1,1,0,2,0,1,1,1,0,1,0,0,1,0,1,1,1,0,2,1,2,1,1,1,2,1,1,1,1,0,2,1,1,1,1,1,0,1,1,1,1,1,1,2,0,0,0,1,1,2,1,1,0,1,1,2,1,1,2,1,1,2,2,1,2,1,1,1,2,1,0,1,1,0,0,0,1,1,1,0,0,1,0,1,1,0,1,1,2,1,2,2,1,1,1,0,1,1,1,2,1,1,0,2,1,1,1,2,1,1,2,1,2,1,2,1,1,1,1,0,1,1,1,0,2,1,1,1,1,1
"solcap_snp_c2_2721",1,1,1,58197548,2,1,2,2,1,2,1,1,1,2,0,1,0,0,1,1,1,1,1,2,0,2,2,1,1,1,1,1,1,0,1,1,1,1,1,2,1,2,1,1,0,0,1,1,0,1,2,0,1,1,1,2,2,1,2,0,0,0,1,0,1,2,1,0,1,2,0,2,1,0,0,2,1,1,1,1,0,2,1,1,1,2,1,0,0,2,0,1,2,0,1,1,1,2,0,1,2,0,1,1,1,2,2,1,0,0,1,2,0,1,1,1,0,1,2,1,1,0,2,2,2,1,2,2,2,0,0,2,2,2,2,2,0,1,1,1,0,1,1,1,1,1,1,1,2,1,0,1,0,0,1,1,1,2,2,0,1,2,1,2
"solcap_snp_c2_20798",2,2,1,60951573,NA,1,1,1,3,1,0,3,2,1,2,2,3,3,2,3,2,2,2,3,2,0,1,3,2,2,2,2,3,2,2,3,2,2,2,2,2,1,1,3,3,2,2,2,3,2,2,2,2,1,3,0,0,2,2,2,2,4,2,2,3,2,3,3,3,1,3,2,1,3,2,NA,2,3,2,2,3,0,3,2,NA,1,2,2,3,1,4,2,1,2,3,3,2,1,3,NA,1,1,2,2,NA,NA,1,2,2,2,3,1,2,2,2,3,2,2,1,1,1,4,1,1,2,2,1,2,0,3,3,0,1,1,0,1,3,2,2,2,3,2,2,1,2,1,3,2,2,1,2,2,3,2,2,1,1,2,1,4,1,2,1,2
"solcap_snp_c2_20799",2,2,1,60951606,2,3,3,3,1,3,4,1,2,3,2,2,1,1,2,1,2,2,2,1,2,4,3,1,2,2,2,2,1,2,2,1,2,2,2,2,2,3,3,1,1,2,2,2,1,2,2,2,2,3,1,4,4,2,2,2,2,0,2,2,1,2,1,1,1,3,2,2,3,1,2,3,2,1,2,2,1,4,1,2,1,3,2,2,1,3,0,2,3,2,1,1,2,NA,1,1,3,3,2,2,2,NA,3,2,2,2,1,3,2,2,2,1,2,2,3,3,3,0,3,3,2,2,3,2,4,1,1,4,3,3,4,3,1,2,2,2,1,2,2,3,2,3,1,2,2,3,2,2,1,2,2,3,3,2,3,0,3,2,3,2
"solcap_snp_c2_32359",0,2,1,63208419,0,1,1,0,1,1,1,1,0,1,1,0,1,NA,0,1,2,1,0,1,2,1,1,0,1,1,1,1,1,2,1,0,1,1,1,2,0,1,1,0,1,1,0,1,1,0,0,1,1,1,1,1,1,1,1,2,2,1,2,1,1,0,0,1,1,0,0,0,1,1,2,1,0,1,1,1,1,1,1,1,1,1,2,2,1,1,1,1,1,2,1,1,1,0,1,1,1,1,1,1,1,0,2,1,1,1,1,1,2,1,1,1,1,2,1,1,1,1,1,1,2,1,1,1,1,1,2,0,1,1,1,1,1,1,1,0,1,1,0,2,1,1,1,2,1,1,2,2,0,1,2,1,0,1,1,1,1,0,1,0
"solcap_snp_c2_56267",3,2,1,60919490,2,2,1,2,3,1,1,3,3,1,3,3,4,3,3,3,2,2,2,3,3,1,2,3,2,3,2,3,3,3,2,3,2,2,NA,2,2,1,2,3,3,3,2,2,4,3,2,3,3,2,3,1,1,2,2,3,3,4,2,3,3,2,3,4,3,1,4,2,2,4,3,1,3,3,2,2,3,1,3,3,3,1,2,3,4,2,4,2,2,3,3,3,3,2,3,NA,2,2,3,2,2,2,1,2,3,3,3,1,3,2,2,3,3,2,2,2,2,4,2,1,2,3,1,2,1,3,3,1,1,2,1,1,3,3,2,3,4,3,3,2,3,2,3,2,2,2,3,2,3,3,2,2,2,2,1,4,1,2,2,2
"solcap_snp_c2_2591",1,0,1,58985511,NA,1,1,1,0,1,1,1,0,NA,0,0,0,0,0,0,1,1,1,1,0,1,1,0,1,0,1,0,1,0,0,0,1,0,NA,1,0,1,1,0,0,0,1,1,0,0,1,0,0,0,0,1,1,0,1,0,0,0,1,0,0,1,0,0,1,1,0,1,1,0,0,NA,0,0,1,1,0,1,1,0,1,1,1,0,0,1,0,1,1,0,1,0,0,1,0,1,1,0,0,1,1,1,NA,1,0,0,1,1,0,1,1,1,0,1,1,1,0,0,1,1,1,0,1,1,1,0,0,NA,1,1,1,1,0,0,1,0,0,0,0,1,0,0,0,0,1,0,0,1,0,0,1,0,0,1,1,0,0,1,0,1
"solcap_snp_c1_13686",2,3,1,64120988,2,3,3,3,1,2,4,1,2,NA,2,2,3,2,2,2,2,2,2,2,3,4,3,1,1,3,2,3,2,3,2,1,2,2,2,3,2,3,2,1,1,3,2,2,2,2,2,3,3,3,2,4,3,2,3,3,3,1,3,2,2,2,1,2,3,2,NA,2,4,2,3,4,2,2,2,2,1,3,2,3,2,3,3,3,2,4,1,2,4,3,2,2,3,3,2,3,3,3,3,4,2,2,3,2,2,2,2,3,3,2,2,2,2,3,3,3,3,1,4,3,3,3,3,3,3,1,2,4,2,4,4,2,1,3,2,2,2,3,2,4,3,3,2,3,3,2,3,3,1,2,3,3,3,2,3,1,3,2,3,2
"solcap_snp_c2_38428",1,1,1,62058660,1,2,2,1,1,2,2,1,0,2,1,0,0,1,0,0,2,2,1,0,1,2,1,0,2,0,2,0,1,1,1,0,2,1,1,2,1,2,2,0,1,1,1,2,0,0,1,1,0,1,0,2,2,1,1,1,1,0,2,1,0,1,0,0,1,2,0,1,1,0,1,2,0,0,2,2,1,2,1,0,1,2,2,1,0,1,0,2,1,1,1,0,0,1,0,NA,0,1,0,2,2,1,2,2,1,1,1,2,1,2,2,1,1,2,0,2,1,0,1,2,2,0,2,2,2,1,1,1,2,1,2,2,1,0,2,0,0,0,0,2,0,1,0,2,1,1,1,2,1,1,2,1,1,2,2,0,2,1,1,1
"solcap_snp_c2_50903",0,2,1,61774492,NA,1,2,1,1,2,1,0,1,2,1,1,0,1,NA,1,1,1,1,1,1,2,1,1,1,1,1,1,0,1,2,1,1,2,0,1,1,2,1,1,1,1,1,1,0,NA,1,1,1,2,1,2,1,2,1,1,1,0,1,1,1,1,1,0,0,2,0,1,1,0,1,2,1,1,1,1,1,2,0,1,0,NA,1,1,0,1,0,1,1,1,0,1,1,1,1,1,1,2,1,0,1,1,1,1,1,1,0,2,1,1,1,0,1,1,1,1,2,0,1,2,1,1,2,1,NA,1,1,2,2,1,2,1,1,NA,1,1,0,1,NA,1,1,2,1,2,1,2,1,1,2,1,1,2,2,1,2,0,2,1,2,1
"solcap_snp_c1_12106",1,3,1,62802674,2,2,3,2,1,2,2,2,1,3,1,1,1,2,1,2,3,2,2,2,2,3,3,1,2,2,2,2,2,2,2,1,2,2,2,3,2,3,2,1,1,1,2,2,1,1,2,2,2,2,2,3,2,2,3,2,2,1,3,1,2,2,1,1,2,2,NA,2,3,1,2,3,1,2,2,2,1,2,2,2,2,3,2,3,1,3,1,2,3,2,2,2,2,2,2,3,2,2,2,3,2,2,3,2,1,1,2,3,2,2,2,2,1,3,2,2,2,1,3,3,3,2,3,3,3,1,2,3,3,3,3,2,1,2,1,1,1,2,1,3,2,3,2,3,3,2,2,3,2,1,3,2,2,2,3,1,3,2,2,2
"solcap_snp_c1_14633",0,1,1,57931788,1,0,1,1,0,1,0,0,1,1,0,1,0,0,1,1,0,0,0,1,0,1,1,1,0,1,0,1,0,0,1,1,0,1,0,1,1,1,0,1,0,0,1,0,0,1,1,0,1,1,1,1,1,1,1,0,0,0,0,0,1,1,1,0,0,1,0,1,0,0,0,1,1,1,0,0,0,1,0,1,0,1,0,0,0,1,0,0,1,0,0,1,1,1,0,0,1,0,1,0,0,1,1,0,0,0,0,1,0,0,0,0,0,0,1,0,1,0,1,1,1,1,1,1,1,0,0,1,1,1,1,1,0,1,0,1,0,1,1,0,1,1,1,1,1,1,0,0,0,0,0,1,1,1,1,0,1,1,1,1
"solcap_snp_c2_14470",2,4,1,65697018,4,3,4,3,3,3,3,3,2,4,2,2,2,3,3,3,4,4,3,2,2,2,3,3,3,2,4,3,3,3,3,3,3,2,3,3,3,3,2,3,3,3,3,3,2,3,3,3,2,2,3,3,3,3,4,2,2,3,4,2,3,4,3,2,3,4,2,3,3,2,2,3,3,3,4,4,3,3,3,2,4,3,3,3,3,3,3,4,3,2,3,3,2,NA,3,3,2,3,3,4,3,4,4,3,3,3,4,4,2,3,4,3,2,4,3,3,3,3,3,4,4,2,4,3,3,3,3,3,3,3,3,4,3,2,3,2,2,2,3,3,2,3,2,3,3,3,2,4,3,3,3,2,3,3,4,3,3,3,3,4
"solcap_snp_c2_46520",4,3,1,59974316,3,4,3,3,4,3,4,4,3,3,4,3,4,4,3,3,4,4,3,3,4,3,3,3,4,3,4,3,4,4,3,3,4,3,4,4,3,3,4,3,4,4,3,4,4,3,3,4,3,3,3,3,3,3,3,4,4,4,4,4,3,3,3,4,4,3,4,3,4,4,4,3,3,3,4,4,4,3,4,3,4,3,4,4,4,3,4,4,3,4,4,3,3,3,3,4,3,3,3,4,4,3,3,4,4,4,4,3,4,4,4,4,4,4,3,4,3,4,3,3,3,3,3,3,3,4,4,3,3,3,3,3,4,3,4,3,4,3,3,4,3,3,3,3,3,3,4,4,4,4,4,3,3,4,3,4,3,3,3,3
"solcap_snp_c2_14491",2,0,1,65782311,0,1,0,1,1,1,1,1,2,0,2,2,2,2,1,1,0,0,1,2,2,2,1,1,1,2,0,1,1,1,1,1,1,2,1,1,1,1,1,1,1,1,1,1,2,1,1,1,2,2,1,1,1,1,0,2,2,1,0,2,1,0,1,2,1,0,NA,1,1,2,2,NA,1,1,0,0,1,1,1,2,0,1,1,1,1,1,1,0,1,2,1,1,2,1,1,1,2,1,1,0,1,0,0,1,1,1,0,0,2,1,0,1,2,0,1,1,1,1,1,0,0,2,0,1,1,1,1,1,1,1,1,0,1,1,1,2,2,2,1,1,2,1,2,1,1,1,2,0,1,1,1,2,1,1,0,1,1,1,1,0
"solcap_snp_c2_53347",0,1,1,60026944,1,0,1,1,0,1,0,0,1,1,0,1,0,0,1,1,0,0,1,1,0,1,1,1,0,1,0,1,0,0,1,1,0,1,0,0,1,1,0,1,0,0,1,0,0,1,1,0,1,1,1,1,1,1,1,0,0,0,0,0,1,1,1,0,0,1,0,1,1,0,0,NA,1,1,0,0,0,1,0,1,0,1,0,0,0,1,0,0,1,0,0,1,1,1,1,0,1,1,1,0,0,1,1,0,0,0,0,1,0,0,0,0,0,0,1,0,1,0,1,1,1,1,1,1,1,0,0,NA,1,1,1,1,0,1,0,1,0,1,1,0,1,1,1,1,1,1,0,0,0,0,0,1,1,0,1,0,1,1,1,1
"solcap_snp_c2_13671",2,2,1,65062849,3,1,2,2,2,3,0,3,3,2,2,3,2,2,3,3,2,2,3,2,1,1,2,4,3,2,2,3,2,2,3,4,2,2,2,1,3,2,2,4,3,1,3,2,2,3,3,1,2,2,3,1,1,3,2,1,1,3,2,2,3,3,4,2,1,3,3,2,1,2,1,NA,3,3,2,2,3,1,2,2,2,1,1,1,2,1,3,2,1,1,2,3,1,2,3,1,2,2,2,0,2,3,1,2,2,2,2,2,1,2,2,2,2,1,2,2,2,3,1,2,1,2,2,1,2,3,1,2,3,1,2,2,3,2,2,2,2,2,3,0,2,2,3,1,2,3,1,1,4,3,1,2,2,1,2,3,2,3,2,3
"solcap_snp_c1_4748",2,0,1,66259325,2,1,2,1,1,1,1,1,0,2,0,0,0,0,1,1,2,2,1,0,0,0,1,1,1,0,2,1,1,1,1,1,1,0,1,1,1,1,1,1,2,1,2,1,0,1,1,1,0,0,1,1,1,1,2,1,0,1,2,0,1,2,1,0,1,2,0,1,2,0,0,1,1,1,1,2,1,1,1,0,2,1,1,1,1,1,1,NA,1,0,1,1,0,1,1,1,0,1,1,2,1,2,2,1,1,1,2,2,0,1,2,1,0,2,1,1,1,1,1,2,2,1,2,1,1,1,1,NA,1,1,1,2,1,NA,1,0,0,0,1,1,0,1,0,1,1,1,0,2,1,1,1,0,1,1,2,0,1,1,1,2
"solcap_snp_c1_4752",2,0,1,66336597,2,1,2,1,1,1,1,1,0,2,0,0,0,0,1,1,2,2,1,0,0,0,1,1,1,0,2,1,1,1,1,1,1,0,1,1,1,1,1,1,2,1,2,1,0,1,1,1,0,0,1,1,1,1,2,1,0,1,2,0,1,2,1,0,1,2,0,1,2,0,0,1,1,1,1,2,1,1,1,0,2,1,1,1,1,1,1,1,1,0,1,1,0,1,1,1,0,1,1,2,1,2,2,1,1,1,2,2,0,1,2,1,0,2,1,1,1,1,1,2,2,1,2,1,1,1,1,1,1,1,1,2,1,1,1,0,0,0,1,1,0,1,0,1,1,1,0,2,1,1,1,0,1,1,2,0,1,1,1,2
"solcap_snp_c1_4745",2,2,1,66094082,4,2,3,3,1,2,1,1,2,3,1,2,1,0,3,2,3,3,3,1,0,1,2,3,2,1,3,2,2,3,2,3,2,1,NA,NA,3,2,2,3,3,2,4,2,2,3,3,2,1,1,2,2,2,2,3,1,0,2,3,1,2,4,3,1,2,4,NA,2,3,1,0,2,3,2,2,3,2,2,2,1,3,1,1,NA,2,2,NA,NA,2,0,2,2,0,2,2,1,1,2,2,2,2,4,2,2,2,2,3,3,0,2,3,2,0,2,2,2,2,2,2,3,2,2,3,1,2,2,1,3,2,2,2,3,2,NA,2,1,1,1,3,1,1,2,0,1,2,2,0,2,3,3,1,1,3,NA,3,NA,2,3,2,4
"solcap_snp_c1_5150",2,0,1,66675718,2,1,2,1,1,1,1,1,0,2,0,0,0,1,1,1,2,2,1,0,0,0,1,1,1,0,2,2,1,1,1,1,1,0,1,1,1,1,1,1,2,1,2,1,0,1,1,1,0,0,1,1,1,1,2,1,0,1,2,0,1,2,1,0,1,2,0,1,2,0,0,1,NA,1,1,2,1,1,1,0,2,1,1,1,1,1,1,1,1,0,1,1,0,1,1,1,1,1,1,2,1,2,2,1,1,1,2,2,0,1,2,1,0,2,1,1,1,1,1,2,2,1,2,1,1,1,1,1,1,1,1,2,1,1,1,0,0,0,1,1,0,1,0,1,1,1,0,2,1,1,1,0,1,1,2,0,1,1,1,2
"solcap_snp_c1_9679",0,1,1,63338027,1,0,1,1,0,1,0,0,1,1,0,1,0,0,1,1,0,0,1,1,0,1,1,1,0,1,0,1,0,0,1,1,0,1,0,0,1,1,0,1,0,0,1,0,0,1,1,0,1,1,1,1,0,1,1,0,0,0,0,0,1,1,1,0,0,1,0,1,1,0,0,1,1,1,0,0,0,0,0,1,0,1,0,0,0,1,0,0,1,0,0,1,0,1,1,0,1,1,1,0,0,1,0,0,0,0,0,1,0,0,0,0,0,0,1,0,1,0,1,1,0,1,1,1,1,0,0,NA,1,1,1,0,0,1,0,1,0,1,1,0,1,1,1,0,1,1,0,0,1,0,0,1,1,0,1,0,1,1,1,1
"solcap_snp_c2_14467",1,2,1,65694581,1,2,2,1,2,1,NA,2,0,2,1,0,1,2,0,1,2,2,1,1,2,1,2,0,1,1,2,1,2,1,1,0,2,1,2,3,1,2,1,0,1,2,1,2,1,0,1,2,1,1,1,2,2,1,2,2,2,1,2,1,1,1,0,1,2,1,0,2,2,1,2,2,0,1,2,2,1,2,2,1,2,3,3,3,1,2,0,2,2,2,2,1,2,1,1,3,1,1,2,NA,2,1,3,2,1,1,2,2,2,2,2,1,1,3,1,2,1,1,2,2,3,1,2,3,1,1,3,1,1,2,2,2,1,1,1,1,1,1,0,3,1,2,2,3,2,1,2,3,0,0,3,1,1,3,2,1,2,1,1,1
"solcap_snp_c2_13751",1,0,1,64614114,1,1,1,1,0,0,1,0,0,1,0,0,0,0,0,0,1,1,1,0,0,1,1,0,0,0,1,0,1,0,0,0,1,0,1,1,1,1,0,0,0,1,1,1,0,0,1,1,0,0,0,1,1,0,1,0,0,0,1,0,0,1,0,0,1,1,0,1,1,0,0,1,0,0,1,1,0,1,1,0,1,1,1,1,0,1,0,1,1,0,1,0,0,1,0,1,0,0,1,1,1,1,1,1,0,0,1,1,0,1,1,0,0,1,0,1,0,0,1,1,1,0,1,1,0,0,0,1,0,1,1,1,0,0,0,0,0,0,0,1,0,1,0,1,1,0,0,1,0,0,1,0,1,1,1,0,1,1,0,1
"solcap_snp_c1_4763",4,2,1,66376115,2,3,3,2,4,3,4,4,2,3,2,2,3,4,2,3,3,3,2,3,4,3,3,2,3,3,3,3,3,2,3,2,3,3,3,4,2,3,3,2,3,3,2,3,2,2,2,3,3,3,3,3,3,3,3,4,4,3,3,3,3,2,2,3,3,2,3,3,3,3,4,3,2,3,3,3,3,3,3,3,3,4,4,4,3,3,2,3,3,4,3,3,4,3,3,4,3,3,3,4,3,2,4,3,3,3,3,3,4,3,3,3,4,4,3,3,3,3,3,3,4,3,3,4,3,3,4,2,3,3,3,3,3,3,3,3,3,3,2,4,3,3,4,4,3,3,4,4,2,2,4,3,2,4,3,3,3,2,3,2
"solcap_snp_c2_20569",3,1,1,67013419,1,2,1,2,2,2,2,2,3,1,3,2,3,2,2,2,1,1,2,3,3,3,2,2,2,3,1,1,2,2,2,2,2,3,NA,2,2,2,2,2,1,2,1,2,3,NA,2,2,3,3,2,2,2,2,1,2,3,2,1,2,2,1,2,3,2,1,3,2,1,3,3,NA,NA,NA,2,1,2,1,2,3,1,2,2,2,2,2,2,2,2,3,2,2,3,2,2,2,2,2,2,1,2,1,1,2,2,2,1,1,2,2,1,2,3,1,2,2,2,2,2,1,1,2,1,2,2,2,2,NA,2,2,2,1,2,NA,2,3,3,3,NA,2,3,2,3,2,2,2,3,1,2,2,2,3,2,2,1,NA,2,2,2,1
"solcap_snp_c2_14623",0,1,1,66431207,1,0,1,1,0,1,0,0,1,1,0,1,1,0,1,0,0,0,1,1,0,1,1,1,0,1,0,1,0,1,1,1,0,1,0,0,1,1,0,1,0,0,1,0,1,1,1,0,1,1,1,1,0,1,1,0,0,0,0,0,1,1,1,0,0,1,0,1,1,0,0,1,1,1,0,0,0,0,0,1,0,0,0,0,0,1,1,0,1,0,0,1,0,0,1,0,1,1,1,0,0,1,0,0,0,0,0,1,0,0,0,0,0,0,1,0,1,0,1,1,0,1,1,0,1,0,0,NA,1,1,1,0,0,1,0,1,0,1,1,0,1,1,0,0,1,1,0,0,1,1,0,1,1,0,1,0,1,1,1,1
"solcap_snp_c1_5145",0,1,1,66904071,NA,0,1,1,0,1,0,0,1,1,0,0,1,0,1,0,0,0,1,1,0,1,1,1,0,1,0,1,0,1,1,1,0,1,0,0,1,1,0,1,0,0,1,0,1,1,1,0,1,1,1,NA,0,1,1,0,0,0,0,0,1,1,1,0,0,1,0,1,1,0,0,1,NA,1,0,0,0,0,0,1,0,0,0,0,0,1,1,0,1,0,0,1,0,0,1,0,1,1,1,0,0,1,0,0,0,0,0,1,0,0,0,0,0,0,1,0,1,0,1,1,0,1,1,0,1,0,0,NA,1,1,1,0,0,NA,0,1,0,1,1,0,1,1,0,0,1,1,0,0,1,1,0,1,1,0,1,0,1,1,1,1
"solcap_snp_c1_4757",1,0,1,66354237,1,1,1,1,0,0,1,0,0,NA,1,0,0,0,0,1,1,1,1,0,0,0,1,0,0,0,1,0,1,1,0,0,1,0,1,1,1,1,0,0,1,1,1,1,0,0,1,1,0,0,0,1,1,0,1,0,0,0,1,0,0,1,0,0,1,1,0,1,1,0,0,1,0,0,0,1,0,1,1,0,1,1,1,1,0,1,0,1,1,0,1,0,0,1,0,1,0,0,1,1,1,1,1,1,0,0,1,1,0,1,1,0,0,1,0,1,0,0,1,1,1,1,1,1,0,0,1,1,0,1,1,1,1,1,0,0,0,0,0,1,0,1,0,1,1,0,0,1,0,0,1,0,1,1,1,0,1,1,0,1
"solcap_snp_c2_20501",3,3,1,67211402,3,4,2,3,3,2,4,3,3,2,4,4,3,4,2,4,3,3,2,3,4,3,3,2,3,3,3,2,4,3,2,2,4,3,4,4,3,3,3,2,2,4,2,4,3,2,3,4,3,3,2,2,4,2,2,3,4,3,3,3,2,2,2,4,4,2,4,3,2,4,4,3,2,2,3,3,3,3,4,4,3,4,4,4,3,3,2,4,3,4,4,2,4,4,2,4,2,2,3,4,4,2,3,4,3,3,3,2,3,4,3,3,4,3,2,4,2,3,3,2,3,3,2,3,2,3,4,2,3,3,3,3,4,3,3,3,4,3,2,4,3,3,4,4,2,2,4,3,2,2,4,3,3,4,2,4,3,3,2,2
"solcap_snp_c2_20513",2,0,1,67277917,1,1,0,1,1,1,1,1,2,0,2,1,2,1,1,1,0,0,0,2,2,2,1,1,1,2,0,0,1,1,1,0,1,2,1,1,1,1,1,1,0,1,0,1,2,1,1,1,2,2,1,1,1,1,0,1,2,1,0,1,1,0,1,2,1,0,NA,1,0,2,2,1,1,1,1,0,1,0,1,2,0,1,1,1,1,1,1,1,1,2,1,1,2,1,1,1,1,1,1,0,1,0,0,1,1,1,0,0,1,1,0,1,2,0,1,1,1,1,1,0,0,1,0,1,1,1,1,1,1,1,1,0,1,1,1,2,2,2,1,2,2,1,2,1,1,1,2,0,1,1,1,2,1,1,0,NA,1,1,1,0
"solcap_snp_c2_20507",1,1,1,67223736,NA,0,2,1,1,2,0,1,1,2,0,0,1,0,2,0,1,1,2,1,0,1,1,2,1,1,1,2,0,1,2,2,0,1,0,0,1,1,1,2,2,0,2,0,1,2,1,0,1,1,2,2,0,2,2,1,0,1,1,1,2,2,2,0,0,2,0,1,2,0,0,NA,2,2,1,1,1,1,0,0,1,0,0,0,1,1,2,0,1,0,0,2,0,0,2,0,2,2,1,0,0,NA,NA,0,1,1,1,2,1,0,1,1,0,1,2,0,2,1,1,2,1,1,2,1,2,1,0,2,1,1,1,1,0,1,1,1,0,1,2,0,1,1,0,0,2,2,0,1,2,2,1,1,1,0,2,0,1,1,2,2
"solcap_snp_c2_13766",4,3,1,67896690,3,3,4,4,4,4,4,4,4,4,3,4,4,4,3,3,3,3,3,4,4,4,4,3,3,4,3,4,3,3,4,3,3,4,3,4,3,4,3,3,3,3,3,3,3,3,3,3,4,4,4,4,3,4,4,4,4,3,3,3,4,4,3,3,3,3,3,4,4,3,4,4,3,4,3,3,3,3,3,3,3,4,4,4,3,4,3,3,4,4,3,4,4,3,3,4,4,4,4,4,3,3,4,3,3,3,3,4,3,3,3,3,4,4,4,3,4,3,4,4,4,4,4,4,4,3,4,4,4,4,4,3,3,4,3,4,3,4,3,4,4,4,4,4,4,4,4,4,3,3,3,4,3,4,4,3,4,3,4,3
"solcap_snp_c2_49451",0,1,1,68416146,1,1,0,0,0,0,0,0,0,0,1,0,0,0,1,1,1,1,1,0,0,0,0,1,1,0,1,0,1,1,0,1,1,0,1,0,1,0,1,1,1,1,1,1,1,1,0,1,0,0,0,0,1,0,0,0,0,1,1,1,0,0,1,1,1,1,1,0,0,1,0,0,1,0,1,1,1,1,1,1,1,0,0,0,1,0,1,1,0,0,1,0,0,1,1,0,0,0,0,0,1,1,0,1,1,1,1,0,1,1,1,1,0,0,0,1,0,1,0,1,0,0,0,0,0,1,0,0,0,0,0,1,1,0,1,0,1,0,1,0,0,0,0,0,0,0,0,0,1,1,1,0,1,0,0,1,0,1,0,1
"solcap_snp_c2_20506",3,3,1,67223618,3,3,3,4,3,3,4,3,4,3,3,4,4,4,2,3,2,2,2,4,4,4,4,2,2,4,2,3,3,3,3,2,3,4,3,4,3,4,2,2,2,3,2,3,3,2,3,3,4,4,3,4,3,3,3,3,4,2,2,2,3,3,2,3,3,2,3,4,3,3,4,4,2,3,2,2,2,2,3,3,2,4,4,4,2,4,2,3,4,4,3,3,4,3,3,4,3,3,4,4,3,2,3,3,2,2,2,3,2,3,2,2,4,3,3,3,3,2,4,3,3,4,3,3,3,2,4,4,4,4,4,2,3,4,2,4,3,4,2,4,4,4,4,4,3,3,4,3,2,2,4,4,3,4,3,3,4,3,3,2
"solcap_snp_c1_6518",2,2,1,67605601,NA,2,2,2,3,2,NA,3,2,2,2,3,2,3,0,3,2,2,1,2,3,2,3,1,2,2,2,2,3,1,2,1,3,2,3,4,2,3,2,1,1,2,1,3,1,0,2,2,2,3,2,1,2,2,2,3,3,2,2,1,2,2,1,2,2,1,1,3,2,2,3,2,0,2,2,2,2,2,3,2,2,3,4,3,1,2,1,2,2,3,3,2,3,2,1,4,2,1,3,4,NA,1,3,3,2,1,2,2,2,3,2,1,3,3,1,3,1,2,2,2,3,2,2,3,1,2,4,1,3,2,3,2,3,3,NA,2,2,2,0,3,2,3,4,3,2,2,3,3,1,0,2,2,1,4,2,NA,3,2,1,NA
"solcap_snp_c1_6501",1,0,1,67459562,1,1,0,1,0,0,1,0,1,0,1,1,1,1,1,0,0,0,0,1,1,1,0,0,0,1,0,0,0,1,0,0,0,1,0,0,0,0,0,0,0,1,0,0,1,1,0,1,1,0,0,1,1,0,0,0,1,0,0,1,0,0,0,1,1,0,1,0,0,1,1,1,1,0,0,0,0,0,0,1,0,1,0,0,1,1,0,1,1,1,0,0,1,1,0,0,0,1,0,0,0,0,0,0,0,1,0,0,0,0,0,1,1,0,1,0,1,0,1,0,0,1,0,0,1,0,0,1,0,1,0,0,0,0,1,1,1,1,1,1,1,0,0,1,0,0,1,0,0,1,0,1,1,0,0,0,0,0,1,0
"solcap_snp_c1_14044",4,3,1,68529607,3,3,4,4,4,4,4,4,4,4,3,4,4,4,3,3,3,3,3,4,4,4,4,3,3,4,3,4,3,3,4,3,3,4,3,4,3,4,3,3,3,3,3,3,3,3,4,3,4,4,4,4,3,4,4,4,4,3,3,3,3,4,3,3,3,3,3,4,4,3,4,4,3,4,3,3,3,3,3,3,3,4,4,4,3,4,3,3,4,3,3,4,4,3,3,4,4,4,4,4,3,3,4,3,3,3,3,4,3,3,3,3,4,4,4,3,4,3,4,3,4,4,4,4,4,3,4,4,4,4,4,3,3,4,3,4,3,4,3,4,4,4,4,4,4,4,4,4,3,3,3,4,3,4,4,3,4,3,4,3
"solcap_snp_c2_20521",3,2,1,67293276,3,2,2,2,2,3,1,2,3,2,3,1,3,1,4,2,2,2,3,3,2,3,2,4,3,3,2,2,2,3,3,3,2,3,2,1,3,2,3,4,3,2,3,2,4,4,3,2,3,2,3,3,2,3,2,2,2,3,2,3,3,2,4,3,2,3,4,2,2,3,2,2,4,3,3,2,3,2,2,3,2,1,1,1,3,2,4,2,2,2,2,3,2,2,4,1,3,3,2,NA,2,3,1,2,3,3,2,2,3,2,2,3,2,1,3,2,3,3,2,2,1,2,2,2,3,3,1,3,2,2,2,2,2,2,3,3,3,3,4,2,3,2,2,1,3,3,2,1,4,4,2,3,3,1,2,3,2,3,3,3
"solcap_snp_c2_52484",1,2,1,68069976,3,2,1,2,0,1,1,0,2,1,2,1,2,1,3,1,1,1,2,2,1,2,1,2,1,2,1,1,1,3,1,2,1,2,1,0,2,1,1,2,2,2,2,1,3,3,1,2,2,1,1,3,2,0,1,0,1,1,1,2,1,1,2,2,3,2,3,1,1,2,1,NA,3,1,1,1,1,1,1,2,1,1,0,1,2,2,2,2,2,1,1,1,1,2,2,0,1,2,1,0,1,NA,0,1,1,2,1,1,1,1,1,2,1,0,2,1,2,1,2,1,0,2,1,0,2,1,0,3,1,2,1,1,1,NA,2,2,2,2,3,1,2,1,0,1,1,1,1,0,2,3,2,2,3,0,1,1,1,2,2,2
"solcap_snp_c2_52492",3,2,1,67969508,NA,2,3,2,4,3,2,4,2,3,2,3,2,3,1,3,3,3,2,2,3,2,3,2,3,2,3,3,3,1,3,2,3,2,3,4,2,3,3,2,2,2,2,3,1,1,2,2,2,3,3,1,2,4,3,4,3,3,3,2,3,3,2,2,1,2,1,3,3,2,3,2,1,3,3,3,3,3,3,2,3,NA,4,3,2,2,2,2,2,3,3,3,3,2,2,4,3,2,3,4,3,2,4,3,3,2,3,3,3,3,3,2,3,4,2,3,2,3,2,3,4,2,3,4,2,3,4,NA,3,2,3,3,3,3,2,2,2,2,1,3,2,3,4,3,3,3,3,4,2,1,2,2,1,4,3,3,3,2,2,2
"solcap_snp_c2_17592",2,0,1,69809943,1,1,1,1,1,1,1,1,1,1,1,1,1,1,0,2,1,1,1,1,1,1,2,1,1,1,1,1,2,1,1,1,2,1,2,2,2,2,1,2,1,0,1,2,1,0,2,1,1,2,1,1,1,1,1,1,1,1,1,0,1,1,1,1,1,1,NA,2,1,1,1,2,0,1,1,1,1,1,2,1,1,1,2,1,0,1,0,1,0,1,2,1,1,1,1,NA,1,1,2,2,NA,NA,1,2,1,0,1,1,1,2,1,0,2,1,1,2,0,1,1,1,1,1,1,1,0,1,2,1,2,1,2,1,2,2,0,1,1,0,0,1,1,2,2,1,1,1,1,1,1,0,2,1,1,2,2,1,2,2,0,2
"solcap_snp_c1_15579",1,2,1,70341165,1,2,1,2,2,1,NA,2,2,1,3,3,2,3,1,0,1,1,0,2,3,2,1,0,1,2,1,2,1,1,1,0,1,2,1,2,0,1,1,0,0,2,0,1,1,1,1,2,2,1,1,1,2,2,1,2,2,1,1,2,0,1,1,2,1,0,1,1,2,2,3,1,1,1,1,1,1,1,1,2,1,3,2,0,2,2,1,2,2,2,1,1,3,1,0,2,1,2,1,2,0,0,2,1,1,2,1,1,1,1,1,2,2,1,1,1,2,1,2,1,2,2,1,2,2,1,2,1,1,2,1,1,1,1,2,2,2,2,1,3,2,1,2,3,1,1,2,1,0,1,0,2,1,2,1,1,1,0,2,0
"solcap_snp_c2_12217",1,0,1,72051456,0,0,1,0,1,1,0,1,0,NA,0,0,0,0,0,0,1,1,1,0,0,0,0,1,1,0,1,1,0,0,1,1,0,0,0,0,0,0,1,0,1,1,1,0,0,1,0,0,0,0,1,0,0,1,1,1,0,1,0,1,1,1,0,0,0,1,0,0,0,0,0,0,1,1,1,1,1,1,0,0,1,0,0,1,1,0,1,1,1,0,0,1,0,0,1,0,1,0,0,0,0,0,1,0,1,1,1,1,1,0,1,1,0,1,1,0,1,1,0,0,1,0,1,1,1,1,0,0,0,0,1,1,0,0,1,0,0,1,1,0,0,0,0,0,1,1,0,1,1,0,0,0,0,0,0,0,0,0,1,0
"solcap_snp_c2_12076",1,2,1,71090664,3,1,1,1,1,2,0,1,2,1,2,0,2,1,2,3,1,1,2,1,1,2,2,3,2,2,1,0,2,2,2,2,2,2,2,1,3,2,2,3,2,1,2,2,3,2,2,1,3,2,2,2,1,0,1,2,2,2,1,1,3,1,3,2,2,2,NA,2,1,2,1,2,2,2,2,1,2,1,2,2,1,0,1,2,2,1,2,1,1,2,1,2,1,NA,3,1,1,1,2,0,NA,NA,0,2,2,1,1,1,2,2,1,1,1,1,2,2,1,2,1,1,0,1,1,1,1,2,1,2,2,1,2,1,2,2,1,2,2,1,2,1,2,2,2,0,2,2,2,1,3,3,3,2,2,1,2,NA,2,3,1,3
"solcap_snp_c1_5656",1,0,1,70562884,0,1,1,1,0,0,1,0,0,1,0,1,0,1,0,1,1,1,1,1,0,0,1,0,0,0,1,1,1,1,0,1,1,0,1,1,1,1,0,1,1,0,1,1,0,0,1,1,0,1,0,1,1,0,1,0,0,0,1,0,0,1,0,0,1,1,0,1,1,0,0,1,0,0,0,1,0,1,1,0,1,1,1,1,0,1,0,1,0,0,NA,0,0,1,0,1,1,1,1,NA,1,1,1,1,0,0,1,1,0,1,1,0,1,1,0,1,0,0,1,1,1,1,1,0,0,0,1,1,1,1,0,1,1,NA,0,0,0,0,0,0,0,1,0,1,0,0,0,1,0,0,1,0,1,1,1,0,1,1,0,1
"solcap_snp_c2_12123",2,2,1,71449958,NA,NA,2,2,NA,2,2,NA,2,2,2,NA,2,2,2,0,2,2,1,2,NA,2,1,1,2,2,2,NA,1,1,2,1,1,2,NA,2,0,1,2,0,1,3,1,1,1,2,1,NA,1,1,2,1,2,4,2,1,2,2,2,NA,1,2,1,2,1,1,1,2,2,2,NA,NA,NA,2,2,2,2,2,1,2,NA,NA,2,1,2,2,2,NA,NA,2,1,2,NA,1,1,NA,2,2,1,2,0,0,NA,1,2,NA,2,2,2,1,2,3,2,2,2,1,NA,2,2,2,NA,2,NA,NA,NA,2,2,NA,1,2,2,2,1,1,NA,2,2,NA,2,NA,2,2,2,NA,2,2,2,2,1,2,0,2,1,2,1,1,1,0,NA,0
"solcap_snp_c1_3867",1,2,1,71239298,3,0,1,1,1,2,0,1,2,1,2,0,2,1,2,3,1,1,2,1,1,2,2,3,2,2,1,0,2,2,2,2,2,2,2,1,3,2,2,3,2,1,2,2,3,2,2,1,3,2,2,2,1,0,1,3,2,2,1,1,3,1,3,2,2,2,3,2,1,2,1,2,2,2,2,1,2,1,2,2,1,0,1,2,2,1,2,1,1,2,1,2,1,2,3,1,1,1,2,0,3,3,0,2,2,1,1,1,2,2,1,1,1,1,2,2,1,2,1,1,0,1,1,1,1,2,1,2,2,1,2,1,2,2,1,2,2,1,2,1,2,1,1,0,2,2,2,1,3,3,3,2,2,1,2,3,2,3,1,3
"solcap_snp_c2_31820",1,0,1,72528671,0,0,1,0,1,1,0,1,0,1,0,0,0,0,0,0,1,1,1,0,0,0,0,1,1,0,1,1,0,0,1,1,1,0,0,0,0,0,1,0,1,1,1,0,0,1,0,0,0,0,1,0,0,1,1,1,0,1,0,1,1,1,0,0,0,1,0,0,0,0,0,0,1,1,1,1,1,1,0,0,1,0,0,1,1,0,1,1,1,0,0,1,0,0,0,0,1,0,0,0,0,0,1,0,1,1,1,1,1,0,1,1,0,1,1,0,0,1,0,0,1,0,1,1,1,1,0,0,0,0,1,1,0,0,1,0,0,1,1,0,1,0,0,0,1,1,0,1,1,0,0,0,0,0,1,0,0,0,1,0
"solcap_snp_c1_3894",1,2,1,71421320,3,0,1,1,1,2,0,1,2,2,2,0,2,1,2,3,1,1,2,1,1,2,2,3,2,2,1,0,2,2,2,2,2,2,2,1,3,2,2,3,2,1,2,2,3,2,2,1,3,2,2,2,1,0,1,3,2,2,1,1,3,1,3,2,2,2,3,2,1,2,1,2,2,2,2,1,2,1,2,2,1,0,1,2,2,1,2,1,1,2,1,2,1,2,3,1,1,1,2,0,3,3,0,2,2,1,1,1,2,2,1,1,1,1,2,2,1,2,1,1,0,1,1,1,1,2,1,2,2,1,2,1,2,2,1,2,2,1,2,1,2,1,1,0,2,2,2,1,3,2,3,2,2,1,2,NA,2,3,1,3
"solcap_snp_c2_12216",2,0,1,72051429,1,0,1,0,2,2,0,2,1,1,1,0,1,0,1,1,1,1,1,0,1,1,1,2,2,1,1,1,1,0,2,1,1,1,1,1,1,1,2,1,1,2,1,1,1,1,1,0,1,1,2,0,0,1,1,2,1,2,1,1,2,1,0,1,0,1,NA,1,0,1,1,1,1,2,2,1,2,1,1,1,1,0,1,1,2,0,1,1,1,1,0,2,1,1,2,1,1,0,1,1,1,1,1,1,2,1,1,1,2,1,1,1,1,1,2,1,1,2,0,1,1,0,1,2,1,2,1,0,1,0,2,1,0,1,1,1,1,1,1,1,1,1,1,0,2,2,1,1,2,1,1,1,0,1,1,1,1,1,1,1
"solcap_snp_c2_2424",0,1,1,76960116,1,0,0,0,0,0,0,0,0,0,0,0,0,0,1,1,1,1,1,0,0,0,0,1,1,0,1,0,1,1,0,1,1,0,1,0,1,0,1,1,1,1,1,1,1,1,0,1,1,0,0,0,1,0,0,1,1,0,1,1,1,0,1,1,1,1,1,0,0,1,0,0,1,0,1,1,1,1,1,1,1,0,0,1,1,0,1,1,0,1,1,0,0,0,1,0,0,0,0,0,1,1,0,1,1,0,1,0,1,1,1,1,1,0,0,1,0,1,0,1,0,0,0,0,0,1,0,0,0,0,0,1,1,0,1,0,1,0,1,0,0,0,0,0,1,0,0,0,1,0,1,0,1,0,0,1,0,1,0,1
"solcap_snp_c2_2505",0,1,1,77350779,1,0,0,0,0,0,0,0,0,NA,0,0,0,0,1,1,1,1,1,0,0,0,0,1,1,0,1,0,1,1,0,1,1,0,1,0,1,0,1,1,0,1,1,1,1,1,0,1,1,0,0,0,1,0,0,1,1,0,1,1,1,0,1,1,1,1,1,0,0,1,0,0,1,0,1,1,1,1,1,1,1,0,0,1,1,0,1,1,0,1,1,0,0,0,1,0,0,0,0,0,1,1,0,1,1,0,1,0,1,1,1,1,1,0,0,1,0,1,0,1,0,0,0,0,0,1,0,0,0,0,0,1,1,0,1,0,1,0,1,0,0,0,0,0,1,0,0,0,1,0,1,0,1,0,0,1,0,1,0,1
"solcap_snp_c2_31821",1,0,1,72531263,0,1,1,1,0,0,1,0,0,1,0,1,0,1,0,0,1,0,1,1,0,0,1,0,0,1,1,1,1,1,0,1,0,0,1,1,1,1,0,1,1,0,1,1,0,0,1,1,0,1,0,1,1,0,1,0,0,0,1,0,0,1,0,0,1,1,0,0,1,0,0,1,0,0,0,1,0,1,1,0,1,1,1,1,0,1,0,1,0,0,NA,0,0,1,1,1,1,1,1,1,1,1,1,1,0,0,1,1,0,1,1,0,1,1,0,1,0,0,1,1,1,1,1,0,0,0,1,1,1,1,0,1,1,1,0,0,0,0,0,0,0,1,1,1,0,0,0,1,0,0,1,0,1,1,1,0,1,1,0,1
"solcap_snp_c2_14274",3,4,1,74061621,4,4,4,4,3,3,4,3,3,4,3,4,3,4,3,3,4,3,4,4,3,3,3,3,3,3,4,4,3,4,3,4,3,3,3,3,3,3,3,3,3,3,4,3,3,4,3,4,3,3,3,4,4,4,4,3,3,3,3,4,3,4,3,4,4,4,3,3,4,3,3,3,4,3,3,4,3,4,3,3,4,4,4,4,4,4,4,4,4,3,4,3,3,3,3,3,4,4,3,3,3,3,4,3,3,4,4,3,3,3,4,4,3,4,3,3,3,3,4,3,4,4,4,3,4,3,3,4,3,4,3,4,4,3,4,3,3,4,3,3,3,3,3,3,3,3,3,4,3,4,3,3,4,3,4,3,3,3,4,3
"solcap_snp_c2_14365",2,0,1,74688262,1,1,2,1,1,1,1,1,1,2,0,1,0,1,0,0,2,1,2,1,0,1,1,1,1,1,2,2,1,1,1,2,1,0,1,1,1,1,1,1,1,1,2,1,0,1,1,1,1,1,1,1,1,1,1,1,0,1,1,1,1,2,0,1,1,2,0,0,1,0,0,1,1,1,1,1,1,2,1,1,2,1,1,2,1,1,1,2,1,0,1,1,0,1,1,1,2,1,1,1,1,1,2,1,2,1,2,1,1,1,2,1,1,2,1,1,0,1,1,1,2,1,2,1,1,0,1,1,1,1,1,2,1,1,1,0,0,1,1,0,1,1,1,0,1,1,0,2,1,1,1,0,1,1,2,0,1,1,1,1
"solcap_snp_c1_594",1,1,1,76480594,2,1,1,1,0,0,1,0,0,NA,1,1,1,1,2,2,1,1,1,1,1,0,0,1,1,0,1,0,1,2,0,1,1,1,2,0,1,1,1,1,1,1,1,1,2,2,0,2,1,0,0,1,2,1,0,1,2,0,1,2,1,0,2,2,2,1,2,1,1,2,1,0,2,0,1,2,1,1,1,1,1,1,1,1,2,1,2,1,1,2,2,0,1,0,1,0,0,1,0,0,1,1,0,1,2,1,1,0,1,1,2,2,1,0,0,1,1,1,1,1,0,1,0,0,1,2,0,NA,0,1,0,1,2,0,2,1,2,1,1,1,0,0,0,1,1,0,1,0,1,1,1,1,2,0,0,1,0,1,1,1
"solcap_snp_c1_758",1,1,1,77526728,2,1,1,1,0,0,1,0,0,NA,2,1,1,1,2,2,1,1,1,1,1,0,0,1,1,0,1,0,1,2,0,1,1,1,2,0,1,1,1,1,0,1,1,1,2,2,0,2,1,0,0,1,2,1,0,1,2,0,1,2,1,0,2,2,2,1,2,1,1,2,1,0,2,0,1,2,2,1,1,1,1,1,1,1,2,1,2,1,1,2,2,0,1,0,2,0,0,1,0,0,1,1,0,1,2,1,1,0,1,1,2,2,1,0,0,1,1,1,1,1,0,1,0,0,1,2,0,NA,0,1,0,1,2,0,1,1,2,1,1,1,0,0,0,1,1,0,1,0,1,1,1,1,2,0,0,1,0,1,1,1
"solcap_snp_c2_16466",2,4,1,75749019,3,3,2,3,3,3,NA,3,3,3,4,3,4,3,4,4,2,3,2,3,4,3,3,3,3,3,2,2,3,3,3,2,3,4,3,3,3,3,3,3,3,3,2,3,4,3,3,3,3,3,3,3,3,3,3,3,4,3,3,3,3,2,4,3,3,2,4,4,3,4,4,3,3,3,3,3,3,2,3,3,2,3,3,2,3,3,3,2,3,4,3,3,4,3,3,NA,2,3,3,3,2,3,NA,3,3,3,2,3,3,3,3,3,3,2,3,3,4,3,3,3,2,3,2,3,3,4,3,3,3,3,3,2,3,3,3,4,4,3,3,4,3,3,3,4,3,3,4,2,3,3,3,4,3,3,2,4,3,3,3,3
"solcap_snp_c1_4617",0,2,1,74355434,2,0,1,1,0,1,0,0,1,1,NA,0,1,1,2,2,1,1,2,1,0,1,1,2,1,1,1,0,1,2,1,2,1,1,1,0,2,1,1,2,2,1,1,1,2,2,1,1,2,1,1,2,1,0,1,2,1,1,1,1,2,1,2,1,2,1,1,1,1,1,0,NA,2,1,1,1,1,1,1,1,1,0,0,2,1,1,NA,1,1,1,1,1,0,1,2,0,1,1,1,1,NA,NA,0,1,1,1,1,1,1,1,1,1,0,1,1,1,1,1,1,1,0,1,1,0,1,1,0,2,1,1,1,1,1,1,1,1,1,1,2,0,1,0,0,0,1,1,1,1,2,1,2,1,2,0,1,1,1,2,1,2
"solcap_snp_c2_7328",4,3,1,79955769,3,4,4,4,4,4,4,4,4,4,4,4,4,4,3,4,3,3,3,4,4,4,4,3,3,4,3,4,3,3,4,3,3,4,3,4,3,4,3,3,4,3,3,3,3,3,4,3,3,4,4,4,3,4,4,3,3,4,3,3,3,4,3,3,3,3,3,4,4,3,4,4,4,4,4,3,3,3,3,3,3,4,4,3,3,4,3,3,4,3,3,4,4,4,3,4,4,4,4,4,3,3,4,3,3,4,4,4,3,3,3,3,3,4,4,3,4,3,4,3,3,4,4,4,4,3,4,4,3,4,4,3,3,4,3,4,3,4,3,4,4,4,4,4,3,4,4,4,3,4,3,4,3,4,4,3,4,3,4,3
"solcap_snp_c2_16369",0,2,1,75164058,2,0,1,1,0,1,0,0,1,1,2,0,1,1,2,2,1,1,2,1,0,1,1,2,1,1,1,0,1,2,1,2,1,1,1,0,2,1,1,2,2,1,1,1,2,2,1,1,2,1,1,2,1,0,1,2,1,1,1,1,2,1,2,1,2,1,1,1,1,1,0,0,2,1,1,1,1,1,1,1,1,0,0,2,1,1,NA,1,1,1,1,1,0,1,2,0,1,1,1,1,2,2,0,1,1,1,1,1,1,1,1,1,0,1,1,1,1,1,1,1,0,1,1,0,1,1,0,2,1,1,1,1,1,NA,1,1,1,1,2,0,1,0,0,0,1,1,1,1,2,1,2,1,2,0,1,1,1,2,1,2
"solcap_snp_c1_2520",1,1,1,79487485,2,1,1,1,0,0,1,0,0,1,1,1,1,1,2,1,1,1,1,1,1,0,0,1,1,0,1,0,1,2,0,1,2,1,2,0,1,1,1,2,0,1,1,1,2,2,0,2,1,0,0,1,2,1,0,1,2,0,1,2,1,0,2,2,2,1,NA,1,1,2,0,0,1,0,0,2,2,2,1,1,1,1,1,1,2,1,2,1,1,2,2,0,1,0,2,0,0,1,0,0,1,1,0,1,2,1,0,0,1,1,2,2,1,0,0,1,1,1,1,1,0,1,0,0,1,2,0,1,1,1,0,1,2,0,1,1,2,1,1,1,0,0,0,1,1,0,1,1,1,1,1,1,1,0,0,1,0,1,1,1
"solcap_snp_c2_7245",1,1,1,79679433,2,1,1,1,0,0,1,0,0,2,1,1,1,1,2,1,1,1,1,1,1,0,0,1,1,0,1,0,1,2,0,1,2,1,2,0,1,1,1,2,0,1,1,1,2,2,0,2,1,0,0,1,2,1,0,1,2,0,1,2,1,0,NA,2,2,1,2,1,1,2,0,0,1,0,0,2,2,2,1,1,1,1,1,1,2,1,2,1,1,2,2,0,1,0,2,0,0,1,0,0,1,1,0,1,2,1,0,0,1,1,2,2,1,0,0,1,1,1,1,1,0,1,0,0,1,2,0,NA,1,1,0,1,2,0,1,1,2,1,1,1,0,0,0,1,1,0,1,1,1,1,1,1,1,0,1,1,0,1,1,1
"solcap_snp_c2_5039",4,3,1,80669402,3,4,4,3,4,4,4,4,4,4,4,4,4,4,3,4,3,3,3,4,4,4,4,3,3,4,3,4,3,3,4,3,3,4,3,4,3,4,3,3,4,3,3,4,3,3,4,3,3,4,4,4,3,4,4,3,3,4,3,3,3,4,3,3,3,3,3,4,4,3,4,4,4,4,4,3,3,3,3,3,3,4,4,3,3,4,3,3,4,3,3,4,4,4,3,4,4,4,4,4,3,3,4,3,3,4,4,4,3,3,3,3,3,4,4,3,4,3,4,3,3,4,4,4,4,3,4,4,3,4,4,3,3,4,3,4,3,4,3,4,4,4,4,4,3,4,4,4,3,4,3,4,3,4,4,3,4,3,4,3
"solcap_snp_c2_5078",1,1,1,80592039,2,1,1,1,0,0,1,0,0,1,NA,1,1,1,2,1,1,1,1,1,1,0,0,1,1,0,1,0,1,2,0,1,2,1,2,0,1,1,1,2,0,1,1,1,2,2,0,1,1,0,0,1,2,1,0,1,2,0,1,2,1,0,2,2,2,1,2,1,1,2,0,0,1,0,0,2,2,2,1,1,1,1,1,1,2,1,2,1,1,2,2,0,1,0,2,0,0,1,0,0,1,1,0,1,2,1,0,0,1,1,2,2,1,0,0,1,1,1,1,1,1,1,0,0,1,2,0,1,1,1,0,1,2,0,1,1,2,1,1,1,0,0,1,0,1,0,1,1,2,1,1,1,1,0,1,1,0,1,1,1
"solcap_snp_c2_9988",4,3,1,81013079,3,4,4,3,4,4,4,4,4,4,3,4,4,4,3,4,3,3,3,4,4,4,4,3,3,4,3,4,3,3,4,3,3,4,3,4,3,4,3,3,4,3,3,4,3,3,4,3,3,4,4,4,3,4,4,3,3,4,3,3,3,4,3,3,3,3,3,4,4,3,4,4,4,4,4,3,3,3,3,3,3,4,4,3,3,4,3,3,4,3,3,4,4,4,3,4,4,4,4,4,3,3,4,3,3,4,4,4,3,3,3,3,3,4,4,3,4,3,4,3,3,4,4,4,4,3,4,4,3,4,4,3,3,4,3,4,3,4,3,4,4,4,4,4,3,4,4,4,3,4,3,4,3,4,4,3,4,3,3,3
"solcap_snp_c2_2463",2,2,1,77190863,3,1,2,2,1,2,1,1,2,2,2,1,3,2,4,4,1,2,2,2,2,2,2,3,2,2,1,0,2,3,2,2,2,3,2,1,3,2,2,3,2,2,1,2,4,3,2,2,3,2,2,3,2,1,2,3,3,2,2,3,3,1,4,2,3,1,4,3,2,2,2,NA,3,2,2,3,2,1,2,2,1,1,1,2,2,2,3,1,2,3,2,2,2,1,3,1,1,2,2,2,2,3,0,2,2,2,1,2,2,2,2,2,2,1,2,2,3,2,2,2,0,2,1,1,2,3,1,4,2,2,2,1,2,2,2,3,3,2,3,2,2,1,1,1,2,1,3,1,3,2,3,3,3,1,1,NA,2,3,2,3
"solcap_snp_c2_2201",2,2,1,77738922,3,1,2,2,1,2,1,1,2,2,2,1,3,2,4,4,1,2,2,2,2,2,2,3,2,2,1,0,2,3,2,2,2,3,2,1,3,2,2,3,2,2,1,2,4,3,2,2,3,2,2,3,2,1,2,3,3,2,2,3,3,1,4,2,3,1,4,3,2,2,2,1,4,2,2,3,3,1,2,2,1,1,1,2,2,2,3,1,2,3,2,2,2,1,3,1,1,2,2,2,2,3,0,2,2,2,1,2,2,2,2,2,2,1,2,2,3,2,2,2,0,2,1,1,2,3,1,4,2,2,2,1,2,2,2,3,3,2,3,2,2,1,1,1,2,1,3,1,3,2,3,3,3,1,1,3,2,3,2,3
"solcap_snp_c1_5286",3,4,1,75477570,3,3,4,3,4,4,3,4,4,3,3,3,3,3,3,3,4,4,4,3,3,4,4,4,4,4,4,4,4,3,4,4,4,3,3,4,4,3,4,4,4,4,4,4,3,3,4,3,4,4,4,3,3,3,4,4,3,4,4,3,4,4,3,3,3,4,3,3,3,3,3,4,3,4,4,3,4,4,4,4,4,3,3,4,3,3,3,4,3,3,3,4,3,4,4,4,4,3,4,4,4,4,4,4,3,3,4,4,4,4,3,3,4,4,4,4,3,4,3,4,4,3,4,4,3,3,4,3,4,3,4,4,3,4,3,3,3,3,4,3,4,4,4,3,4,4,3,4,4,3,4,3,3,4,4,4,4,4,3,4
"solcap_snp_c2_2508",2,2,1,77353050,3,1,2,2,1,2,1,1,2,2,2,1,3,2,4,4,1,2,2,2,2,2,2,3,2,2,1,0,2,3,2,2,2,3,2,1,3,2,2,3,2,2,1,2,4,3,2,2,3,2,2,3,2,1,2,3,3,2,2,3,3,1,4,2,3,1,4,3,2,2,2,NA,3,2,2,3,3,1,2,2,1,1,1,2,2,2,3,1,2,3,2,2,2,1,3,1,1,2,2,2,2,3,0,2,2,2,1,2,2,2,2,2,2,1,2,2,3,2,2,2,0,2,1,1,2,3,1,4,2,2,2,1,2,2,2,3,3,2,3,2,2,1,1,1,2,1,3,1,3,2,3,3,3,1,1,3,2,3,2,3
"solcap_snp_c1_16435",1,0,1,76304406,1,1,1,1,0,0,1,0,0,1,1,1,1,1,1,1,0,0,0,1,1,0,0,0,0,0,0,0,0,1,0,0,0,1,1,0,0,1,0,0,0,0,0,0,1,1,0,1,0,0,0,1,1,1,0,0,1,0,0,1,0,0,1,1,1,0,1,1,1,1,1,0,1,0,0,1,0,0,0,0,0,1,1,0,1,1,1,0,1,1,1,0,1,0,0,0,0,1,0,0,0,0,0,0,1,1,0,0,0,0,1,1,0,0,0,0,1,0,1,0,0,1,0,0,1,1,0,1,0,1,0,0,1,0,1,1,1,1,0,1,0,0,0,1,0,0,1,0,0,1,0,1,1,0,0,0,0,0,1,0
"solcap_snp_c2_7208",3,2,1,79456001,3,1,2,2,2,3,1,2,3,3,NA,1,3,2,4,4,2,3,3,2,2,3,2,3,3,2,2,1,2,3,3,3,3,3,NA,1,3,2,3,4,3,3,2,2,4,4,3,NA,4,2,3,3,2,2,2,4,3,3,2,4,4,3,4,3,3,2,4,3,2,2,2,2,3,2,3,3,3,2,2,2,2,1,2,3,3,2,4,2,3,3,2,3,2,1,3,NA,2,2,2,2,2,3,1,2,2,3,1,2,3,NA,2,3,2,2,3,3,2,3,2,2,1,2,2,2,2,3,2,4,2,2,3,1,2,NA,2,3,3,3,4,2,3,1,1,2,3,2,3,2,4,3,3,3,3,1,2,NA,2,3,3,3
"solcap_snp_c2_2354",2,2,1,78430745,1,3,2,2,3,2,2,3,2,2,2,3,1,2,0,0,3,2,2,2,2,2,2,1,2,2,3,4,2,1,2,2,2,1,2,3,1,2,2,1,2,2,3,2,0,1,1,2,1,2,2,1,2,3,2,1,1,2,2,1,1,3,0,2,1,3,0,1,2,2,3,2,0,2,2,1,1,2,2,2,NA,NA,3,2,2,2,1,NA,2,1,2,2,2,3,1,NA,3,2,2,2,2,1,4,2,2,2,4,2,1,2,2,2,2,3,2,2,2,2,2,2,4,2,3,3,2,1,3,0,2,2,2,3,2,NA,2,1,1,2,1,2,NA,3,3,3,2,3,1,3,1,2,1,1,2,3,3,1,2,1,2,1
"solcap_snp_c2_50483",2,2,1,78757327,3,1,2,2,1,2,1,1,2,2,2,1,3,2,4,4,1,2,2,2,2,2,2,3,2,2,1,0,2,3,2,2,2,3,2,1,3,2,2,3,2,2,1,2,4,3,3,2,3,2,2,3,2,1,2,3,3,2,2,3,3,1,4,2,3,1,4,3,2,2,1,2,4,2,2,3,3,2,2,2,1,1,1,2,2,2,3,1,2,3,2,2,2,1,3,1,1,2,2,2,2,NA,0,2,2,2,0,2,3,2,2,2,2,1,2,3,2,2,2,2,0,2,1,1,2,3,1,4,2,2,2,1,2,2,2,3,3,2,3,2,2,1,1,1,2,1,3,1,3,2,3,3,2,1,1,NA,2,3,2,3
"solcap_snp_c1_15872",2,2,1,78928170,3,1,2,2,1,2,1,1,2,2,2,1,3,2,4,4,1,2,2,2,2,2,2,3,2,2,1,0,2,3,2,2,2,3,2,1,3,2,2,3,2,2,1,2,4,3,3,2,3,2,2,3,2,1,2,3,3,2,2,3,3,1,4,2,3,1,4,3,2,2,1,2,4,2,2,3,3,2,2,2,1,1,1,2,2,2,3,1,2,3,2,2,2,1,3,1,1,2,2,2,2,3,0,2,2,2,0,2,3,2,2,2,2,1,2,3,2,2,2,2,0,2,1,1,2,3,1,4,2,2,2,1,2,2,2,3,3,2,3,2,2,1,1,2,2,1,3,1,3,2,3,3,2,1,1,NA,2,3,2,3
"solcap_snp_c2_7053",2,2,1,80228512,2,4,3,3,2,1,4,2,1,2,3,4,2,3,1,1,2,1,1,3,3,1,2,1,1,2,2,3,2,2,1,1,2,2,3,3,1,3,1,1,1,1,2,2,1,1,1,3,0,2,1,2,3,3,2,0,2,1,2,1,0,1,1,2,2,2,NA,2,3,3,2,2,2,2,1,2,2,3,2,2,2,4,3,1,2,3,1,2,2,2,3,1,3,3,2,2,2,3,2,2,2,1,3,2,3,2,3,2,1,2,3,2,2,2,1,1,3,1,3,2,2,3,2,2,3,2,2,NA,2,3,1,3,3,2,2,3,2,2,0,3,1,3,3,2,1,2,2,3,1,2,1,2,1,3,3,1,2,1,2,1
"solcap_snp_c1_2484",3,4,1,79157311,3,3,3,3,4,4,3,4,4,4,4,3,4,3,4,4,3,4,3,3,4,4,3,3,4,3,3,3,3,3,4,3,4,4,3,3,3,3,4,4,4,4,3,3,4,4,4,3,4,3,4,3,3,4,3,4,4,4,3,4,4,4,4,4,3,3,4,4,3,3,4,4,4,3,4,3,4,3,3,3,3,3,3,3,4,3,4,3,4,4,3,4,4,3,3,3,3,3,3,3,NA,3,3,3,3,4,3,3,4,3,3,4,3,3,4,4,4,4,3,3,3,3,3,4,3,4,3,4,3,3,4,NA,3,3,3,4,4,4,4,4,4,3,3,3,4,3,4,3,4,4,3,4,3,3,3,4,3,3,4,3
"solcap_snp_c2_9722",2,2,1,80835882,1,3,2,2,3,2,2,3,2,2,3,3,2,1,1,1,2,2,1,2,3,2,1,0,2,1,2,3,1,1,2,1,2,2,2,2,0,2,2,2,2,2,2,2,1,1,1,1,1,1,2,1,2,4,1,1,2,2,1,2,1,3,1,3,1,2,NA,2,2,2,3,2,2,1,1,1,2,2,1,1,2,NA,4,1,3,2,2,2,3,2,2,2,4,2,1,1,2,2,1,1,0,0,3,1,2,3,3,1,1,1,2,3,1,2,2,1,3,2,2,1,2,2,2,3,2,2,3,2,1,2,2,1,2,1,1,3,2,3,1,3,2,2,3,2,2,2,2,2,1,3,0,2,1,2,2,NA,1,0,3,0
"solcap_snp_c1_601",3,4,1,78168030,4,4,4,4,3,3,4,3,3,3,4,4,4,4,4,4,3,3,3,4,4,3,4,4,3,4,3,3,4,4,3,3,3,4,4,4,4,4,3,3,3,3,3,4,4,3,4,4,3,4,3,4,4,3,4,3,4,3,4,3,3,3,4,3,4,3,4,4,4,4,4,4,4,4,3,4,4,4,4,4,3,4,4,3,3,4,3,3,3,4,4,3,4,4,4,4,3,4,4,4,4,4,3,4,4,3,3,4,4,4,4,3,4,3,3,4,4,3,4,4,3,4,3,3,3,4,4,4,4,4,3,4,4,4,4,4,4,3,3,4,3,4,4,4,3,3,4,3,3,3,4,4,3,4,3,4,4,4,3,4
"solcap_snp_c1_3275",0,2,1,81750527,0,2,1,1,2,1,1,2,1,2,2,2,1,1,0,0,1,1,0,1,2,1,1,0,1,1,1,2,1,0,1,0,1,1,1,2,0,1,1,0,1,1,1,2,0,0,1,1,0,1,2,0,1,2,1,0,1,1,1,0,0,1,0,1,0,1,0,1,1,1,2,2,1,1,1,0,1,1,1,1,0,NA,2,0,1,1,0,1,1,1,1,1,1,2,0,1,1,1,1,1,0,0,2,1,1,1,2,1,1,1,1,1,1,1,1,1,2,1,1,1,1,1,1,2,1,1,2,1,1,1,1,1,1,1,1,2,1,1,0,2,1,2,2,1,1,1,1,1,0,1,0,1,1,2,1,1,1,0,0,0
"solcap_snp_c1_3234",4,2,1,81927346,4,2,3,3,2,3,NA,2,3,2,2,2,3,3,4,4,3,3,4,3,2,3,3,4,3,3,3,2,3,4,3,4,3,3,3,2,4,3,3,4,3,3,3,2,4,4,3,3,4,3,2,4,3,2,3,4,3,3,3,4,4,3,4,3,4,3,4,3,3,3,2,2,3,3,3,4,3,3,3,3,4,2,3,4,3,3,4,3,3,3,3,3,3,2,4,3,3,3,3,3,4,4,2,3,3,3,2,3,3,3,3,3,3,3,3,3,2,3,3,3,3,3,3,2,3,3,2,3,3,3,3,3,3,3,3,2,3,3,4,2,3,2,2,3,3,3,3,3,4,3,4,3,3,2,3,3,3,4,4,4
"solcap_snp_c2_4860",0,2,1,83130390,0,2,1,1,2,1,1,2,1,1,1,2,1,1,0,0,1,1,0,1,2,1,1,0,1,1,1,2,1,0,1,0,1,1,1,2,0,1,1,0,1,1,1,2,0,0,1,1,0,1,2,0,1,2,1,0,1,1,1,0,0,1,0,1,0,1,0,1,1,1,2,2,1,1,1,0,1,1,1,1,0,2,1,0,1,1,0,1,1,0,1,1,1,NA,0,1,1,1,1,1,0,0,2,1,1,1,2,1,1,1,1,1,1,1,1,1,2,1,1,1,1,1,1,2,1,1,2,1,1,1,1,1,1,1,1,2,1,1,0,2,1,2,2,1,1,1,1,1,0,1,0,1,1,2,1,1,1,0,0,0
"solcap_snp_c2_9892",3,4,1,81567397,3,4,3,3,4,4,3,4,4,4,4,3,4,3,4,4,3,4,3,3,4,4,3,3,4,3,3,3,3,3,4,3,4,4,3,3,3,3,4,4,4,4,3,3,4,4,4,NA,4,3,4,3,3,4,3,4,4,4,3,4,4,4,4,4,3,3,4,4,3,3,4,4,4,3,3,3,4,3,3,3,3,4,4,3,4,3,4,3,3,4,3,4,4,3,3,3,3,3,3,3,NA,3,3,3,3,4,3,3,4,3,3,4,3,3,4,4,4,4,3,3,3,3,3,4,3,4,4,4,3,3,4,NA,3,3,4,4,4,4,4,4,4,3,4,3,4,3,4,3,4,4,3,4,4,3,3,4,3,3,4,3
"solcap_snp_c2_4799",1,2,1,82927941,NA,2,1,2,2,1,NA,2,1,1,2,3,1,2,0,0,2,1,1,2,2,1,2,1,1,2,2,3,2,0,1,1,1,1,2,3,0,2,1,0,1,1,2,3,1,0,1,3,0,2,2,1,2,2,2,0,1,1,2,0,0,1,0,1,1,3,0,1,2,2,2,2,1,2,2,0,1,2,2,2,1,2,1,1,1,2,1,NA,2,0,2,1,1,NA,1,NA,3,2,2,2,2,1,3,2,2,1,2,2,1,2,2,1,2,2,2,1,2,1,2,2,2,2,2,2,2,1,2,NA,2,2,1,3,2,2,1,2,1,1,0,2,1,3,2,2,1,2,1,2,0,1,1,1,1,3,2,NA,2,1,0,1
"solcap_snp_c2_4884",3,2,1,83186994,3,2,3,3,2,3,1,2,3,3,2,1,3,2,4,4,2,3,3,2,2,3,2,3,3,2,2,1,2,4,3,3,3,3,2,1,4,2,3,4,3,3,2,1,3,4,3,1,4,2,2,3,2,2,2,4,3,3,2,4,4,3,4,3,3,1,4,3,2,2,2,2,3,2,2,4,3,2,2,2,3,2,3,3,3,2,3,2,2,4,2,3,3,1,3,2,1,2,2,2,2,3,1,2,2,3,2,2,3,2,2,3,2,2,2,3,2,3,2,2,2,2,2,2,2,3,2,3,2,2,3,1,2,2,3,2,3,3,4,2,3,1,2,2,3,2,3,2,4,3,3,3,3,1,2,NA,2,3,4,3
"solcap_snp_c2_4896",1,2,1,82628961,NA,2,1,2,2,1,NA,2,1,1,2,3,1,2,0,0,2,1,1,2,2,1,2,1,1,2,2,3,2,0,1,1,1,1,2,3,0,2,1,0,1,1,2,3,1,0,1,3,0,2,2,1,2,2,2,0,1,1,2,0,0,1,0,1,1,3,0,1,2,2,2,2,1,2,2,0,1,2,2,2,1,NA,1,1,1,2,1,2,2,0,2,1,1,NA,1,NA,2,2,2,2,2,1,3,2,2,1,2,2,1,2,2,1,2,2,2,1,2,1,2,2,2,2,2,2,2,1,2,NA,2,2,1,3,2,2,1,2,1,1,0,2,1,3,2,2,1,2,1,2,0,1,1,1,1,3,2,NA,2,1,0,1
"solcap_snp_c1_1653",1,1,1,83012188,NA,1,2,0,1,2,0,1,2,1,1,1,1,1,2,NA,0,1,1,1,1,2,2,2,1,2,1,0,1,1,2,1,1,2,0,1,1,1,0,1,2,1,0,1,2,2,NA,0,2,2,1,2,0,0,2,2,1,2,1,1,2,1,2,0,1,0,NA,2,1,0,1,2,2,2,2,2,1,0,1,2,1,1,1,1,0,1,1,0,1,2,0,2,1,1,1,NA,1,1,2,2,1,1,0,1,0,1,0,2,2,1,0,0,1,1,1,2,1,1,1,1,1,1,1,1,1,1,0,2,1,1,1,0,0,2,1,1,1,1,2,1,2,1,1,1,1,1,1,1,2,1,2,2,2,1,1,NA,2,2,1,1
"solcap_snp_c2_4614",4,3,1,83843457,3,4,4,3,4,3,4,4,4,4,4,4,3,4,3,4,3,3,3,4,4,4,4,3,3,4,4,4,3,4,4,3,3,4,3,4,3,4,3,3,4,3,3,4,3,3,4,3,3,4,4,4,3,4,4,3,3,4,3,3,3,4,3,3,3,3,3,4,4,3,4,4,4,4,4,3,3,3,3,4,4,4,4,3,3,4,3,3,4,3,3,4,4,4,3,4,3,4,4,4,3,3,4,3,3,4,4,4,3,3,3,3,3,4,4,3,4,3,4,3,3,4,4,4,4,3,4,4,3,4,3,4,3,4,3,4,3,4,3,4,4,4,4,4,3,4,4,4,3,4,3,4,4,4,4,3,4,NA,3,3
"solcap_snp_c1_1737",2,3,1,83602469,2,3,3,1,3,1,4,3,3,2,3,4,2,3,2,3,2,2,2,3,3,3,4,3,2,4,3,3,3,1,3,2,2,3,2,4,1,3,1,1,3,2,2,4,3,2,4,3,2,4,3,3,2,2,4,2,2,3,3,1,2,2,2,1,2,3,NA,3,3,2,3,4,3,4,4,2,2,2,3,4,2,3,2,2,1,3,2,2,3,2,2,3,2,4,2,4,3,3,4,4,3,2,3,3,2,2,2,4,3,3,2,1,3,3,3,3,3,2,3,3,3,3,3,3,3,2,2,3,3,3,2,3,2,4,2,3,2,2,2,3,3,4,3,3,2,3,2,3,2,2,2,3,3,4,3,3,4,2,1,2
"solcap_snp_c2_9925",3,4,1,81410356,3,3,3,3,4,4,3,4,4,3,3,4,3,3,3,3,4,4,4,3,3,4,4,4,4,4,4,4,4,3,4,4,3,3,3,4,4,3,4,4,4,4,4,4,3,3,4,4,4,4,4,3,3,3,4,4,3,4,4,4,4,4,3,3,3,4,3,3,3,4,4,4,3,4,4,3,3,3,4,4,4,3,3,4,3,3,3,4,3,3,3,4,3,4,3,4,4,3,4,4,4,4,4,4,3,3,4,4,4,4,3,3,4,4,3,4,3,4,3,4,4,3,4,4,3,3,4,3,4,3,4,4,3,4,4,3,3,3,4,3,4,4,3,4,4,4,3,3,3,3,4,3,4,4,3,4,4,4,3,4
"solcap_snp_c2_36495",0,2,1,84457206,0,2,1,1,2,1,1,2,1,1,2,2,1,1,0,0,1,1,0,0,2,1,1,0,1,1,1,2,1,2,1,0,1,1,2,2,0,1,1,0,1,1,1,2,0,0,1,1,0,1,1,0,1,2,1,0,1,1,1,0,0,1,0,1,0,1,NA,1,1,1,2,2,1,1,1,0,1,1,1,1,1,NA,1,0,1,1,0,1,1,0,1,1,1,NA,0,1,1,1,1,1,0,0,2,1,1,1,2,1,1,1,1,1,1,1,1,1,2,1,1,1,1,1,1,2,1,1,2,1,1,1,1,1,0,1,1,2,1,1,0,2,1,2,2,1,1,1,1,1,0,1,0,1,1,2,1,1,1,0,0,0
"solcap_snp_c1_3255",1,1,1,81795335,NA,0,1,0,1,2,0,1,2,2,0,0,1,1,1,2,1,1,2,1,0,2,1,1,1,1,1,1,0,1,2,2,0,1,0,0,1,1,1,NA,2,1,1,0,1,1,1,0,2,1,1,2,0,1,1,2,0,2,0,NA,2,NA,1,1,1,1,0,1,1,1,1,0,1,1,1,1,0,0,0,0,2,0,1,2,1,1,1,1,1,0,0,2,2,0,1,1,2,1,1,1,1,1,1,0,0,2,1,1,0,0,0,1,0,2,1,0,0,1,1,0,1,1,2,1,1,0,1,NA,0,1,1,0,0,1,1,0,0,2,2,0,2,0,0,2,1,2,2,1,1,2,1,1,2,0,1,0,1,1,2,1
"solcap_snp_c2_14839",0,2,1,86328984,0,2,1,1,2,1,1,2,1,1,2,2,1,1,0,0,0,1,0,0,2,1,1,0,1,1,1,2,1,2,1,0,1,1,2,2,0,1,1,0,1,1,1,2,0,0,1,1,0,1,1,0,1,2,1,0,1,1,1,0,1,1,0,1,0,1,NA,1,1,1,2,2,1,1,1,0,1,1,1,1,1,2,1,0,1,1,0,1,1,0,1,1,1,NA,0,1,1,1,1,1,1,0,2,1,1,1,2,1,1,1,1,1,1,1,1,1,1,1,1,1,1,1,1,2,1,1,2,1,1,1,1,1,0,1,1,2,1,1,0,2,1,2,1,1,1,1,1,1,0,1,0,1,1,2,1,1,2,0,0,0
"solcap_snp_c2_14730",0,2,1,86441357,0,2,1,1,2,1,1,2,1,1,1,1,1,1,0,0,0,1,0,0,2,1,1,0,1,1,1,2,1,2,1,0,1,1,2,2,0,1,1,0,1,1,1,2,0,0,1,1,0,1,1,0,1,2,1,0,1,1,1,0,1,1,0,1,0,1,1,1,1,1,2,2,1,1,1,0,1,1,1,1,1,2,1,0,1,1,0,1,1,0,1,1,1,2,0,1,1,1,1,1,1,0,2,1,1,1,2,1,1,1,1,1,1,1,1,1,1,1,1,1,1,1,1,2,1,1,2,1,1,1,1,1,0,1,1,2,1,1,0,2,1,2,1,1,1,1,1,1,0,1,0,1,1,2,1,1,2,0,0,0
"solcap_snp_c2_34546",1,3,1,84727952,NA,2,1,2,2,2,NA,2,1,1,2,3,2,2,1,NA,2,2,2,1,2,1,2,2,2,2,2,3,3,2,1,2,2,1,3,3,1,2,2,1,1,2,3,3,2,NA,1,NA,1,2,2,1,3,2,2,1,2,1,3,1,1,1,1,2,3,NA,1,1,2,3,2,2,1,2,2,1,2,3,3,2,2,NA,1,2,2,2,2,3,2,NA,3,1,1,3,2,NA,NA,2,2,2,3,2,3,3,3,1,2,2,2,3,3,2,3,2,2,2,2,2,2,3,3,2,2,2,2,2,2,NA,3,2,2,3,2,2,2,2,2,1,2,3,1,3,2,2,2,2,1,2,1,1,2,1,1,3,2,NA,2,3,1,2
"solcap_snp_c2_37850",4,2,1,87731594,4,2,3,3,2,3,2,2,2,3,2,2,3,3,4,4,4,3,4,4,2,3,3,4,3,3,3,2,3,2,3,4,3,3,2,2,4,3,3,4,3,3,3,2,4,4,3,3,4,3,3,4,3,2,3,4,3,3,3,4,3,3,4,3,4,3,3,3,3,3,2,2,3,3,3,4,3,3,3,3,3,2,3,4,3,3,4,3,3,4,3,3,3,2,4,3,3,3,3,3,3,4,2,3,3,3,2,3,3,3,3,3,3,3,3,3,3,3,3,3,3,3,3,2,3,3,3,3,3,3,3,3,4,3,3,2,3,3,4,2,3,2,3,3,3,3,2,3,4,3,4,3,3,2,3,3,2,4,4,4
"solcap_snp_c1_11308",4,2,1,87663528,4,2,3,3,2,3,NA,2,2,3,2,2,3,3,4,4,4,3,4,4,2,3,3,4,3,3,3,2,3,2,3,4,3,3,2,2,4,3,3,4,3,3,3,2,4,4,3,3,4,3,3,4,3,2,3,4,3,3,3,4,3,3,4,3,4,3,3,3,3,3,2,NA,3,3,3,4,3,3,3,3,3,2,3,4,3,3,4,NA,3,4,3,3,3,2,4,3,3,3,3,3,3,4,2,3,3,3,2,3,3,3,3,3,3,3,3,3,3,3,3,3,3,3,3,2,3,3,3,3,3,3,3,3,4,3,3,2,3,3,4,2,3,2,3,3,3,3,2,3,4,3,4,3,3,2,3,NA,2,4,4,4
"solcap_snp_c1_4796",3,2,1,86388041,2,3,2,3,3,3,2,3,2,3,3,3,2,3,1,1,2,2,2,2,3,2,2,1,2,2,3,4,2,4,2,2,2,2,4,4,2,3,3,2,2,2,2,3,1,1,1,3,1,2,2,2,3,4,2,1,2,2,2,2,2,3,2,3,2,3,3,2,3,3,3,2,2,2,2,1,2,3,2,2,3,3,3,2,3,3,2,3,3,1,3,2,3,3,2,3,3,3,2,1,3,2,4,2,3,3,4,3,1,2,3,3,2,3,3,1,2,2,3,2,2,3,3,3,3,1,4,NA,2,3,2,2,2,2,3,3,2,2,1,4,2,3,2,3,2,3,3,3,1,3,2,2,2,3,3,1,3,1,2,2
"solcap_snp_c1_10354",4,3,1,84979069,3,4,4,3,4,3,4,4,4,NA,4,3,3,4,3,4,3,3,3,4,4,3,4,3,3,4,4,4,3,4,4,3,3,4,4,4,3,4,3,3,4,3,3,4,3,3,4,3,3,4,3,4,3,4,4,3,3,4,3,3,4,4,3,3,NA,3,4,4,4,3,4,4,4,4,4,3,3,3,3,4,4,4,4,3,3,4,3,3,4,3,3,4,4,4,3,4,3,4,4,4,3,3,4,3,3,4,4,4,3,3,3,3,3,4,4,3,4,3,4,3,3,4,4,4,4,3,4,4,3,4,3,4,3,4,3,4,3,4,3,4,4,4,3,4,3,4,4,4,3,4,3,4,4,4,4,3,4,NA,3,3
"solcap_snp_c2_24",1,2,1,85323495,2,1,2,1,1,1,1,1,2,0,1,1,2,1,3,3,2,2,2,2,1,2,3,3,2,2,1,0,2,0,2,2,2,2,0,1,2,1,1,2,2,2,2,1,3,3,3,1,3,2,2,2,1,0,2,3,2,2,2,2,2,1,3,1,2,1,1,2,1,1,1,2,2,2,2,3,2,1,2,2,1,1,1,2,1,1,2,1,1,3,1,2,1,1,2,2,1,1,2,3,2,2,0,2,1,1,0,1,3,2,1,1,2,1,1,3,1,2,1,2,2,1,1,1,1,3,0,2,2,1,2,1,2,2,1,1,2,2,3,0,2,1,2,1,2,1,1,1,3,1,2,2,2,1,1,3,1,3,2,2
"solcap_snp_c2_46448",1,2,1,85760106,NA,1,2,1,1,1,1,1,2,1,1,1,2,1,3,3,2,2,2,2,1,2,2,3,2,2,1,0,2,0,2,2,2,2,0,0,2,1,1,2,2,2,2,1,3,3,3,1,3,2,2,2,1,0,2,3,2,2,2,2,2,1,2,1,2,1,1,2,1,1,1,NA,2,2,2,3,2,1,2,2,1,1,1,2,1,1,NA,1,1,3,1,2,1,1,2,NA,1,1,2,3,2,NA,0,2,1,1,0,1,3,2,1,1,2,1,1,3,1,2,1,2,2,1,1,1,1,3,0,2,2,1,2,2,2,NA,1,1,2,2,3,0,2,1,2,1,2,1,NA,1,3,1,2,2,2,NA,1,3,1,3,2,2
"solcap_snp_c2_14708",1,2,1,86356234,2,1,2,1,1,1,1,1,2,1,1,1,2,1,3,3,2,2,2,2,1,2,2,3,2,2,1,0,2,0,2,2,2,2,0,0,2,1,1,2,2,2,2,1,3,3,3,1,3,2,2,2,1,0,2,3,2,2,2,2,2,1,2,1,2,1,NA,2,1,1,1,2,2,2,2,3,2,1,2,2,1,1,1,2,1,1,2,1,1,3,1,2,1,1,2,1,1,1,2,3,1,2,0,2,1,1,0,1,3,2,1,1,2,1,1,3,2,2,1,2,2,1,1,1,1,3,0,NA,2,1,2,2,2,2,1,1,2,2,3,0,2,1,2,1,2,1,1,1,3,1,2,2,2,NA,1,NA,1,3,2,2
"solcap_snp_c2_42943",1,2,1,85953353,2,1,2,1,1,1,1,1,2,1,1,1,2,1,3,3,2,2,2,2,1,2,2,3,2,2,1,0,2,0,2,2,2,2,0,0,2,1,1,2,2,2,2,1,3,3,3,1,3,2,2,2,1,0,2,3,2,2,2,2,2,1,2,1,2,1,NA,2,1,1,1,NA,2,2,2,3,2,1,2,2,1,1,1,2,1,1,2,1,1,3,1,2,1,1,2,1,1,1,2,3,NA,NA,0,2,1,1,0,1,3,2,1,1,2,1,1,3,2,2,1,2,2,1,1,1,1,3,0,2,2,1,2,2,2,2,1,1,2,2,3,0,2,1,2,1,2,1,1,1,3,1,2,2,2,1,1,3,1,3,2,2
"solcap_snp_c1_4799",1,2,1,86663770,NA,1,2,1,1,1,1,1,2,1,1,1,2,1,3,3,2,2,2,2,1,2,2,3,2,2,1,0,2,0,2,2,2,2,0,0,2,1,1,2,2,2,2,1,3,3,3,1,3,2,2,2,1,0,2,3,2,2,2,2,2,1,2,1,2,1,NA,2,1,1,1,2,2,2,2,3,2,1,2,2,1,1,1,2,1,1,2,1,1,3,1,2,1,1,2,1,1,1,1,2,2,2,1,2,1,1,0,1,3,2,1,1,2,1,1,3,2,2,1,2,2,1,1,1,1,NA,0,2,2,1,2,2,2,2,1,1,2,2,3,0,2,1,2,1,1,1,0,1,3,1,2,2,2,1,1,2,1,3,2,2
"solcap_snp_c2_14761",1,2,1,86750111,2,1,2,1,1,1,1,1,2,1,1,1,2,1,3,3,2,2,2,2,1,2,2,3,2,2,1,0,2,0,2,2,2,2,0,0,2,1,1,2,2,2,2,1,3,3,3,1,3,2,2,2,1,0,2,3,2,2,2,2,2,1,2,1,2,1,NA,2,1,1,1,2,2,2,2,3,2,1,2,2,1,1,1,2,2,1,2,1,1,3,1,2,1,1,2,1,1,1,1,3,2,NA,1,2,1,1,0,1,3,2,1,1,2,1,1,3,2,2,1,2,2,1,1,1,1,3,0,2,2,1,2,2,2,2,1,1,2,2,3,0,2,1,2,1,1,1,0,1,3,1,2,2,2,1,1,3,1,3,2,2
"solcap_snp_c2_37820",3,2,1,87463711,NA,3,2,3,3,3,NA,3,3,3,3,3,2,3,1,1,2,2,2,2,3,2,2,1,2,2,3,4,2,4,2,1,2,2,4,4,2,3,3,2,2,2,2,3,1,1,1,3,1,2,2,2,3,4,2,1,2,2,1,2,2,3,2,3,2,3,3,2,3,3,3,NA,2,2,2,1,2,3,2,2,NA,3,3,2,2,3,NA,3,3,1,3,2,3,3,2,NA,3,2,3,1,2,2,3,2,3,2,4,3,1,NA,3,3,2,3,3,NA,2,2,3,2,2,3,3,3,3,1,3,NA,2,3,2,2,2,NA,3,3,3,2,1,4,2,3,2,3,3,3,4,3,1,3,2,2,2,3,3,NA,3,1,2,2
"solcap_snp_c1_11290",1,2,1,87749682,2,1,2,1,1,1,1,1,1,1,1,1,2,1,3,3,2,2,2,2,0,2,2,3,2,2,1,0,2,0,2,3,2,2,0,0,2,1,1,2,2,2,2,1,3,3,3,1,3,2,2,2,1,0,2,3,2,2,3,2,2,1,2,1,2,1,NA,2,1,1,1,2,2,2,2,3,2,1,2,2,1,1,1,2,2,1,2,1,1,3,1,2,1,1,2,1,1,2,1,3,2,2,1,2,1,2,0,1,3,2,1,1,2,1,1,3,2,2,1,2,2,1,1,1,1,3,1,2,2,1,2,2,2,2,1,1,1,2,3,0,2,1,2,1,1,1,0,1,3,1,2,2,2,1,1,NA,1,3,2,2
"solcap_snp_c2_22105",4,3,1,88057376,3,4,4,3,4,3,4,4,4,4,4,4,3,4,3,4,3,4,3,4,4,3,4,3,3,4,4,4,3,4,4,3,3,4,4,4,3,4,3,3,4,3,3,4,3,3,4,3,3,4,3,4,3,4,4,3,3,4,3,3,4,4,3,3,NA,3,4,4,4,3,4,4,4,4,4,3,3,3,3,4,4,4,4,3,3,4,3,3,4,3,3,4,4,4,3,4,3,4,4,4,3,3,4,3,3,4,4,3,3,3,3,4,3,4,4,3,3,3,3,3,3,4,4,4,4,3,3,4,3,4,3,4,3,4,3,4,3,4,3,4,4,4,3,4,3,4,4,4,3,4,3,4,4,4,4,3,4,NA,3,3
